	doc_id	doc_title	doc_desc
0	MNCLW00001	авлигын эсрэг хуулийн зарим заалтыг дагаж мөрдөх журмын тухай	2007 оны 2 дугаар сарын 06-ны өдөр
1	MNCLW00002	авлигын эсрэг хууль	2006 оны 7 дугаар сарын 6-ны өдөр
2	MNCLW00003	автобензин, дизелийн түлшний албан татварын тухай	1995 оны 6 дугаар сарын 2-ны өдөр
3	MNCLW00004	авто замын тухай	2017 оны 5 дугаар сарын 11-ний өдөр
4	MNCLW00005	автотээврийн тухай	1999 оны 6 дугаар сарын 4-ний өдөр
5	MNCLW00006	агаарын бохирдлын төлбөрийн тухай	2010 оны 6 дугаар сарын 24-ны өдөр
6	MNCLW00007	агаарын зайг нисэхэд ашиглах тухай	2003 оны 5 дугаар сарын 30-ны өдөр
7	MNCLW00008	агаарын тухай хуулийг хүчингүй болсонд тооцох тухай	2012 оны 5 дугаар сарын 17-ны өдөр
8	MNCLW00009	агаарын тухай	2012 оны 5 дугаар сарын 17-ны өдөр
9	MNCLW00010	агнуурын нөөц ашигласны төлбөр, ан амьтан агнах, барих зөвшөөрлийн хураамжийн тухай хуулийг хүчингүй болсонд тооцох тухай	2012 оны 5 дугаар сарын 17-ны өдөр
10	MNCLW00011	аж ахуйн нэгжийн орлогын албан татвараас хөнгөлөх, чөлөөлөх тухай	2020 оны 04 сарын 09 өдөр
11	MNCLW00012	аж ахуйн нэгжийн орлогын албан татварын тухай хууль хүчингүй болсонд тооцох тухай	2019 оны 03 сарын 22 өдөр
12	MNCLW00013	аж ахуйн нэгжийн орлогын албан татварын тухай хууль	2019 оны 03 сарын 22 өдөр
13	MNCLW00014	аж ахуйн нэгжийн орлогын албан татварын тухай	2019 оны 03 сарын 22 өдөр
14	MNCLW00015	аж ахуйн үйл ажиллагааны тусгай зөвшөөрлийн тухай хууль хүчингүй болсонд тооцох тухай	2022 оны 06 сарын 17 өдөр
15	MNCLW00016	ажилласан жил, тэтгэврийн даатгалын шимтгэлийг нөхөн	2019 оны 11 сарын 13 өдөр
16	MNCLW00017	ажиллах хүч гадаадад гаргах, гадаадаас ажиллах хүч, мэргэжилтэн авах тухай хууль хүчингүй болсонд тооцох тухай	2021 оны 12 сарын 24 өдөр
17	MNCLW00018	ажиллах хүчний шилжилт хөдөлгөөний тухай хууль /шинэчилсэн найруулга/-ийг дагаж мөрдөх журмын тухай	2021 оны 12 сарын 24 өдөр
18	MNCLW00019	ажиллах хүчний шилжилт хөдөлгөөний тухай	2021 оны 12 сарын 24 өдөр
19	MNCLW00020	ажлын таван өдөртэй долоо хоногт шилжүүлэх тухай	1997 оны 12 дугаар сарын 4-ний өдөр
20	MNCLW00021	аймаг, нийслэл, сум, дүүргийн иргэдийн төлөөлөгчдийн хурлын сонгуулийн тухай	2020 оны 01 сарын 30 өдөр
21	MNCLW00022	аймаг, нийслэл, сум, дүүргийн иргэдийн төлөөлөгчдийн хурлын сонгуулийн тухай хуулийг дагаж мөрдөх журмын тухай	2020 оны 01 сарын 30 өдөр
22	MNCLW00023	аймаг, сум, дүүргийн иргэдийн төлөөлөгчдийн хурлын сонгуулийн тухай хууль хүчингүй болсонд тооцох тухай	2015 оны 12 дугаар сарын 25-ны өдөр
23	MNCLW00024	алдар цолтон ахмад настанд төрөөс нэмэгдэл, хөнгөлөлт олгох тухай	2017 оны 2 дугаар сарын 02-ны өдөр
24	MNCLW00025	амьтан, ургамал, тэдгээрийн гаралтай түүхий эд, бүтээгдэхүүнийг улсын хилээр нэвтрүүлэх үеийн хорио цээрийн хяналт, шалгалтын тухай	2002 оны 11 дүгээр сарын 28-ны өдөр
25	MNCLW00026	амьтны аймгийн тухай хуулийг хүчингүй болсонд тооцох тухай	2012 оны 5 дугаар сарын 17-ны өдөр
26	MNCLW00027	амьтны тухай	2012 оны 5 дугаар сарын 17-ны өдөр
27	MNCLW00028	ан агнуурын тухай хуулийг хүчингүй болсонд тооцох тухай	2012 оны 5 дугаар сарын 17-ны өдөр
28	MNCLW00029	анхны ардчилсан сонгууль болж байнгын ажиллагаатай парламент байгуулагдсаны 25 жилийн ойг тохиолдуулан өршөөл үзүүлэх тухай	2015 оны 8 дугаар сарын 11-ний өдөр
29	MNCLW00030	арбитрын тухай хууль хүчингүй болсонд тооцох тухай	2017 оны 1 дүгээр сарын 26-ны өдөр
30	MNCLW00031	арбитрын тухай	2017 оны 1 дүгээр сарын 26-ны өдөр
31	MNCLW00032	ард нийтийн санал асуулгын тухай хууль хүчингүй болсонд тооцох тухай	2016 оны 2 дугаар сарын 05-ны өдөр
32	MNCLW00033	ард нийтийн санал асуулгын тухай	2016 оны 2 дугаар сарын 05-ны өдөр
33	MNCLW00034	ариун цэврийн тухай хууль хүчингүй болсонд тооцох тухай	2016 оны 2 дугаар сарын 04-ний өдөр
34	MNCLW00035	архив, албан хэрэг хөтлөлтийн тухай	2020 оны 04 сарын 24 өдөр
35	MNCLW00036	архивын тухай хууль хүчингүй болсонд тооцох тухай	2020 оны 04 сарын 24 өдөр
36	MNCLW00037	архидан согтуурахтай тэмцэх тухай 1994 оны хууль хүчингүй болсонд тооцох тухай	2000 оны 01 сарын 28 өдөр
37	MNCLW00038	архидан согтуурахтай тэмцэх тухай хууль хүчингүй болсонд тооцох тухай	2022 оны 07 сарын 05 өдөр
38	MNCLW00039	аудитын тухай хууль хүчингүй болсонд тооцох тухай	2015 оны 6 дугаар сарын 19-ний өдөр
39	MNCLW00040	аудитын тухай	2015 оны 6 дугаар сарын 19-ний өдөр
40	MNCLW00041	ахмад настны нийгмийн хамгааллын тухай хууль хүчингүй болсонд тооцох тухай	2017 оны 1 дүгээр сарын 26-ны өдөр
41	MNCLW00042	ахмад настны тухай	2017 оны 1 дүгээр сарын 26-ны өдөр
42	MNCLW00043	ахуйн болон үйлдвэрлэлийн хог хаягдлын тухай хууль хүчингүй болсонд тооцох тухай	2012 оны 5 дугаар сарын 17-ны өдөр
43	MNCLW00044	ашигт малтмалын тухай хуулийг дагаж мөрдөх журмын тухай	2006 оны 7 дугаар сарын 08-ны өдөр
44	MNCLW00045	ашигт малтмалын тухай хуульд нэмэлт, өөрчлөлт оруулах тухай	2019 оны 11 сарын 22 өдөр
45	MNCLW00046	ашигт малтмалын тухай хуульд нэмэлт, өөрчлөлт оруулах тухай хуулийг дагаж мөрдөх журмын тухай	2014 оны 7 дугаар сарын 01-ний өдөр
46	MNCLW00047	ашигт малтмалын тухай	2006 оны 07 сарын 08 өдөр
47	MNCLW00048	ашигт малтмалын хайгуулын тусгай зөвшөөрөл шинээр олгохыг хориглох тухай	2011 оны 6 дугаар сарын 3-ны өдөр
48	MNCLW00049	ашигт малтмалын хайгуулын тусгай зөвшөөрөл шинээр олгохыг хориглох тухай	2011 оны 2 дугаар сарын 9-ний өдөр
49	MNCLW00050	ашигт малтмалын хайгуулын тусгай зөвшөөрөл шинээр олгохыг хориглох тухай	2010 оны 6 дугаар сарын 17-ны өдөр
50	MNCLW00051	аюултай хог хаягдлын импорт, хил дамжуулан тээвэрлэлтийг хориглох, экспортлох тухай хууль хүчингүй болсонд тооцох тухай	2012 оны 5 дугаар сарын 17-ны өдөр
51	MNCLW00052	аялал жуулчлалын тухай	2000 оны 5 дугаар сарын 05-ны өдөр
52	MNCLW00053	бага, дунд боловсролын тухай	2002 оны 5 дугаар сарын 03-ны өдөр
53	MNCLW00054	бага, дунд боловсролын тухай хуулийг дагаж мєрдєх тухай	2002 оны 5 дугаар сарын 3-ны өдөр
54	MNCLW00055	багшийн хөгжлийг дэмжих тухай	2018 оны 6 дугаар сарын 27-ны өдөр
55	MNCLW00056	байгалийн нөөц ашигласны төлбөрийн орлогоос байгаль орчныг хамгаалах, байгалийн нөөцийг нөхөн сэргээх арга хэмжээнд зарцуулах хөрөнгийн хувь, хэмжээний тухай хуулийг хүчингүй болсонд тооцох тухай	2012 оны 5 дугаар сарын 17-ны өдөр
56	MNCLW00057	байгалийн нөөц ашигласны төлбөрийн тухай	2012 оны 05 дугаар сарын 17-ны өдөр
57	MNCLW00058	байгалийн ургамал ашигласны төлбөрийн тухай хуулийг хүчингүй болсонд тооцох тухай	2012 оны 5 дугаар сарын 17-ны өдөр
58	MNCLW00059	байгалийн ургамлын тухай	1995 оны 4 дүгээр сарын 11-ний өдөр
59	MNCLW00060	байгаль орчинд нөлөөлөх байдлын үнэлгээний тухай	2012 оны 5 дугаар сарын 17-ны өдөр
60	MNCLW00061	байгаль орчныг хамгаалах тухай	1995 оны 3 дугаар сарын 30-ны өдөр
61	MNCLW00062	байгууллагын нууцын тухай	1995 оны 5 дугаар сарын 16-ны өдөр
62	MNCLW00063	банк бус санхүүгийн үйл ажиллагааны тухай	2002 оны 12 дугаар сарын 12-ны өдөр
63	MNCLW00064	банкин дахь мөнгөн хадгаламжид баталгаа гаргах тухай	2008 оны 11 дүгээр сарын 25-ны өдөр
64	MNCLW00065	банкин дахь мөнгөн хадгаламжийн даатгалын тухай	2013 оны 1 дүгээр сарын 10-ны өдөр
65	MNCLW00066	банкны салбарын тогтвортой байдлыг хангах тухай	2018 оны 6 дугаар сарын 22-ны өдөр
66	MNCLW00067	банкны тухай хуульд нэмэлт, өөрчлөлт оруулах тухай хуулийг дагаж мөрдөх журмын тухай	2021 оны 01 сарын 29 өдөр
67	MNCLW00068	банкны тухай хуульд нэмэлт, өөрчлөлт оруулах тухай хуулийг дагаж мөрдөх журмын тухай	2018 оны 1 дүгээр сарын 18-ны өдөр
68	MNCLW00069	банкны тухай	2010 оны 1 дүгээр сарын 28-ны өдөр
69	MNCLW00070	банк, эрх бүхий хуулийн этгээдийн мөнгөн хадгаламж, мөнгөн хөрөнгийн шилжүүлэг, зээлийн үйл ажиллагааны тухай хууль	2021 оны 05 сарын 21 өдөр
70	MNCLW00071	банк, эрх бүхий хуулийн этгээдийн мөнгөн хадгаламж, мөнгөн хөрөнгийн шилжүүлэг, зээлийн үйл ажиллагааны тухай	2021 оны 05 сарын 21 өдөр
71	MNCLW00072	банк, эрх бүхий хуулийн этгээдийн мөнгөн хадгаламж, төлбөр тооцоо, зээлийн үйл ажиллагааны тухай	2021 оны 05 сарын 21 өдөр
72	MNCLW00073	барааны тэмдэг, газар зүйн заалтын тухай	2010 оны 6 дугаар сарын 10-ны өдөр
73	MNCLW00074	барилгын тухай хууль хүчингүй болсонд тооцох тухай	2016 оны 2 дугаар сарын 05-ны өдөр
74	MNCLW00075	барилгын тухай хууль /шинэчилсэн найруулга/-ийг дагаж мөрдөх журмын тухай	2016 оны 2 дугаар сарын 05-ны өдөр
75	MNCLW00076	барилгын тухай	2016 оны 2 дугаар сарын 05-ны өдөр
76	MNCLW00077	баяжуулсан хүнсний тухай	2018 оны 5 дугаар сарын 03-ны өдөр
77	MNCLW00078	биеийн тамир, спортын тухай хууль хүчингүй болсонд тооцох тухай	2017 оны 07 дүгээр сарын 06-ны өдөр
78	MNCLW00079	биеийн тамир, спортын тухай	2017 оны 07 сарын 06 өдөр
79	MNCLW00080	бнмау-ын засгийн газарт эрх олгох тухай	1991 оны 1 дүгээр сарын 4-ний өдөр
80	MNCLW00081	боловсролын тухай	2002 оны 5 дугаар сарын 03-ны өдөр
81	MNCLW00082	нэгдүгээр бүлэг	улаанбаатар хот
82	MNCLW00083	бүсчилсэн хөгжлийн удирдлага зохицуулалтын тухай	2003 оны 5 дугаар сарын 30-ны өдөр
83	MNCLW00084	бууны албан татварын тухай хууль хүчингүй болсонд тооцох тухай	2015 оны 8 дугаар сарын 7-ны өдөр
84	MNCLW00085	валютын зохицуулалтын тухай	1994 оны 05 дугаар сарын 12-ны өдөр
85	MNCLW00086	векселийн тухай	1995 оны 11 дүгээр сарын 2-ны өдөр
86	MNCLW00087	виртуал хөрөнгийн үйлчилгээ үзүүлэгчийн тухай	2021 оны 12 сарын 17 өдөр
87	MNCLW00088	гаалийн албан татвараас чөлөөлөх тухай	2014 оны 1 дүгээр сарын 16-ны өдөр
88	MNCLW00089	гаалийн албан татвараас чөлөөлөх тухай	2014 оны 1 дүгээр сарын 24-ний өдөр
89	MNCLW00090	гаалийн албан татвараас чөлөөлөх тухай	2001 оны 10 дугаар сарын 18-ны өдөр
90	MNCLW00091	гаалийн албан татвараас чөлөөлөх тухай	2005 оны 2 дугаар сарын 24-ны өдөр
91	MNCLW00092	гаалийн албан татвараас чөлөөлөх тухай	2003 оны 12 дугаар сарын 26-ны өдөр
92	MNCLW00093	гаалийн албан татвараас чөлөөлөх тухай	2004 оны 04 дүгээр сарын 22-ны өдөр
93	MNCLW00094	гаалийн албан татвараас чөлөөлөх тухай	2005 оны 03 дугаар сарын 18-ны өдөр
94	MNCLW00095	гаалийн албан татвараас чөлөөлөх тухай	2002 оны 6 дугаар сарын 6-ны өдөр
95	MNCLW00096	гаалийн албан татвараас чөлөөлөх тухай	2000 оны 7 дугаар сарын 26-ны өдөр
96	MNCLW00097	гаалийн албан татвараас чөлөөлөх тухай	2000 оны 12 дугаар сарын 07-ны өдөр
97	MNCLW00098	гаалийн албан татвараас чөлөөлөх тухай	2012 оны 2 дугаар сарын 16-ны өдөр
98	MNCLW00099	гаалийн албан татвараас	2013 оны 6 дугаар сарын 7-ны өдөр
99	MNCLW00100	гаалийн албан татвараас чөлөөлөх тухай	2014 оны 5 дугаар сарын 09-ний өдөр
100	MNCLW00101	гаалийн албан татвараас чөлөөлөх тухай	2018 оны 1 дүгээр сарын 12-ны өдөр
101	MNCLW00102	гаалийн албан татвараас чөлөөлөх тухай	2015 оны 12 дугаар сарын 25-ны өдөр
102	MNCLW00103	гаалийн албан татвараас чөлөөлөх тухай	2012 оны 2 дугаар сарын 16-ны өдөр
103	MNCLW00104	гаалийн албан татвараас чөлөөлөх тухай	2016 оны 2 дугаар сарын 05-ны өдөр
104	MNCLW00105	гаалийн албан татвараас чөлөөлөх тухай	2009 оны 10 дугаар сарын 30-ны өдөр
105	MNCLW00106	гаалийн албан татвараас чөлөөлөх тухай	2020 оны 04 сарын 09 өдөр
106	MNCLW00107	гаалийн албан татвараас чөлөөлөх тухай	2017 оны 11 дүгээр сарын 30-ны өдөр
107	MNCLW00108	гаалийн албан татвараас	2013 оны 6 дугаар сарын 7-ны өдөр
108	MNCLW00109	гаалийн албан татвараас чөлөөлөх тухай	2017 оны 12 дугаар сарын 22-ны өдөр
109	MNCLW00110	гаалийн албан татвараас чөлөөлөх тухай	2018 оны 5 дугаар сарын 10-ны өдөр
110	MNCLW00111	гаалийн албан татвараас чөлөөлөх тухай	2014 оны 5 дугаар сарын 09-ний өдөр
111	MNCLW00112	гаалийн албан татвараас чөлөөлөх тухай	2011 оны 12 дугаар сарын 9-ний өдөр
112	MNCLW00113	гаалийн албан татвараас чөлөөлөх тухай	2020 оны 04 сарын 09 өдөр
113	MNCLW00114	гаалийн албан татвараас чөлөөлөх тухай	2020 оны 12 сарын 04 өдөр
114	MNCLW00115	гаалийн албан татвараас чөлөөлөх тухай	2002 оны 1 дүгээр сарын 10-ны өдөр
115	MNCLW00116	гаалийн албан татвараас чөлөөлөх тухай	2003 оны 12 дугаар сарын 26-ны өдөр
116	MNCLW00117	гаалийн албан татвараас чөлөөлөх тухай	2005 оны 03 дугаар сарын 18-ны өдөр
117	MNCLW00118	гаалийн албан татвараас чөлөөлөх тухай	2003 оны 10 дугаар сарын 09-ний өдөр
118	MNCLW00119	гаалийн албан татвараас чөлөөлөх тухай	2006 оны 6 дугаар сарын 29-ны өдөр
119	MNCLW00120	гаалийн албан татвараас	2013 оны 6 дугаар сарын 7-ны өдөр
120	MNCLW00121	гаалийн албан татвараас чөлөөлөх тухай	2000 оны 4 дүгээр сарын 06-ны өдөр
121	MNCLW00122	гаалийн албан татвараас чөлөөлөх тухай	2014 оны 5 дугаар сарын 09-ний өдөр
122	MNCLW00123	гаалийн албан татвараас чөлөөлөх тухай	2015 оны 5 дугаар сарын 21-ний өдөр
123	MNCLW00124	гаалийн албан татвараас чөлөөлөх тухай	2008 оны 5 дугаар сарын 29-ний өдөр
124	MNCLW00125	гаалийн албан татвараас	2009 оны 7 дугаар сарын 16-ны өдөр
125	MNCLW00126	гаалийн албан татвараас чөлөөлөх тухай	2002 оны 6 дугаар сарын 13-ны өдөр
126	MNCLW00127	гаалийн албан татвараас чөлөөлөх тухай хуулийг дагаж мөрдөх журмын тухай	2017 оны 2 дугаар сарын 02-ны өдөр
127	MNCLW00128	гаалийн албан татвараас чөлөөлөх тухай хуулийг дагаж мөрдөх журмын тухай	2018 оны 5 дугаар сарын 10-ны өдөр
128	MNCLW00129	гаалийн албан татварыг хөнгөлөх тухай	2021 оны 04 сарын 23 өдөр
129	MNCLW00130	гаалийн албан татварыг хөнгөлөх тухай	2019 оны 11 сарын 28 өдөр
130	MNCLW00131	гаалийн албан татварыг хөнгөлөх тухай	2020 оны 08 сарын 28 өдөр
131	MNCLW00132	гаалийн албан татварыг хөнгөлөх тухай	2022 оны 11 сарын 11 өдөр
132	MNCLW00133	гаалийн албан татварыг хөнгөлөх тухай хуулийг дагаж мөрдөх журмын тухай	2019 оны 11 сарын 28 өдөр
133	MNCLW00134	гаалийн албан татварыг хөнгөлөх тухай хуулийг дагаж мөрдөх журмын тухай	2020 оны 08 сарын 28 өдөр
134	MNCLW00135	гаалийн болон нэмэгдсэн өртгийн албан татвараас чөлөөлөх тухай	2001 оны 5 дугаар сарын 25-ны өдөр
135	MNCLW00136	гаалийн болон нэмэгдсэн өртгийн албан татвараас чөлөөлөх тухай	2012 оны 5 дугаар сарын 22-ны өдөр
136	MNCLW00137	гаалийн тариф, гаалийн татварын тухай	2008 оны 5 дугаар сарын 20-ны өдөр
137	MNCLW00138	гаалийн тухай	2008 оны 5 дугаар сарын 20-ны өдөр
138	MNCLW00139	1 дүгээр зүйл.2020 оны 12 дугаар сарын 31-ний өдөр баталсан гадаадын иргэний эрх зүйн байдлын тухай хуульд нэмэлт, өөрчлөлт оруулах тухай хуулийн 3 дугаар зүйлийн 12 дахь заалтын 24.1 дэх хэсэгт заасан үйл ажиллагааг засгийн газар, түүний харьяа байгууллага нь холбогдох бусад байгууллагатай хамтран үе шаттайгаар зохион байгуулна.хэвлэх	улаанбаатар хот
139	MNCLW00140	гадаадын иргэний эрх зүйн байдлын тухай	2010 оны 7 дугаар сарын 08-ны өдөр
140	MNCLW00141	гадаадын хөрөнгө оруулалтын тухай хууль хүчингүй болсонд тооцох тухай	2013 оны 10 дугаар сарын 3-ны өдөр
141	MNCLW00142	гадаадын цэргийн хүчнийг байрлуулах, дамжин өнгөрүүлэх тухай	1998 оны 1 дүгээр сарын 8-ны өдөр
142	MNCLW00143	газрын төлбөрийн тухай	1997 оны 4 дүгээр сарын 24-ны өдөр
143	MNCLW00144	газрын төлбөрийн тухай хуульд өөрчлөлт оруулах тухай хууль хүчингүй болсонд тооцох тухай	2019 оны 11 сарын 13 өдөр
144	MNCLW00145	газрын тос боловсруулах үйлдвэрийг дэмжих тухай	2021 оны 01 сарын 29 өдөр
145	MNCLW00146	газрын тосны бүтээгдэхүүний тухай	2005 оны 07 дугаар сарын 01-ний өдөр
146	MNCLW00147	газрын тосны тухай	2014 оны 7 дугаар сарын 01-ний өдөр
147	MNCLW00148	газрын тухай	2002 оны 6 дугаар сарын 07-ны өдөр
148	MNCLW00149	газрын хэвлийн тухай	1988 оны 11 дүгээр сарын 29-ний өдөр
149	MNCLW00150	галт зэвсгийн албан татварын тухай	2015 оны 8 дугаар сарын 7-ны өдөр
150	MNCLW00151	галт зэвсгийн тухай хууль хүчингүй болсонд тооцох тухай	2015 оны 8 дугаар сарын 7-ны өдөр
151	MNCLW00152	галт зэвсгийн тухай	2015 оны 8 дугаар сарын 07-ны өдөр
152	MNCLW00153	галын аюулгүй байдлын тухай	2015 оны 7 дугаар сарын 2-ны өдөр
153	MNCLW00154	гамшгаас хамгаалах тухай хуульд нэмэлт, өөрчлөлт оруулах тухай хуулийг дагаж мөрдөх журмын тухай	2020 оны 05 сарын 14 өдөр
154	MNCLW00155	гамшгаас хамгаалах тухай хууль хүчингүй болсонд тооцох тухай	2017 оны 2 дугаар сарын 02-ны өдөр
155	MNCLW00156	гамшгаас хамгаалах тухай	2017 оны 02 сарын 02 өдөр
156	MNCLW00157	генетик нөөцийн тухай хууль	2021 оны 12 сарын 30 өдөр
157	MNCLW00158	геодези, зураг зүйн тухай	1997 оны 10 дугаар сарын 31-ний өдөр
158	MNCLW00159	гол, мөрний урсац бүрэлдэх эх, усны сан бүхий газрын хамгаалалтын бүс, ойн сан бүхий газарт ашигт малтмал хайх, ашиглахыг хориглох тухай	2009 оны 7 дугаар сарын 16-ны өдөр
159	MNCLW00160	гол, мөрний урсац бүрэлдэх эх, усны сан бүхий газрын хамгаалалтын бүс, ойн сан бүхий газарт ашигт малтмал хайх, ашиглахыг хориглох тухай хуулийг дагаж мөрдөх журмын тухай	2009 оны 7 дугаар сарын 16-ны өдөр
160	MNCLW00161	гол нэр төрлийн зарим бараа, бүтээгдэхүүний үнийн өсөлт, хомстлоос сэргийлэх, сөрөг нөлөөллийг бууруулах тухай	2022 оны 04 сарын 15 өдөр
161	MNCLW00162	гүйцэтгэх ажлын тухай	1997 оны 12 дугаар сарын 19-ний өдөр
162	MNCLW00163	гэмт хэргээс урьдчилан сэргийлэх тухай хууль хүчингүй болсонд тооцох тухай	2019 оны 06 сарын 06 өдөр
163	MNCLW00164	гэмт хэрэг, зөрчлөөс урьдчилан сэргийлэх тухай	2019 оны 06 сарын 06 өдөр
164	MNCLW00165	гэр бүлийн тухай	1999 оны 6 дугаар сарын 11-ний өдөр
165	MNCLW00166	гэр бүлийн хүчирхийлэлтэй тэмцэх тухай хууль хүчингүй болсонд тооцох тухай	2016 оны 12 дугаар сарын 22-ны өдөр
166	MNCLW00167	гэр бүлийн хүчирхийлэлтэй тэмцэх тухай	2016 оны 12 дугаар сарын 22-ны өдөр
167	MNCLW00168	гэрч, хохирогчийг хамгаалах тухай	2013 оны 7 дугаар сарын 5-ны өдөр
168	MNCLW00169	гэрээт харуул хамгаалалтын тухай	2000 оны 1 дүгээр сарын 20-ний өдөр
169	MNCLW00170	даатгалын мэргэжлийн оролцогчийн тухай	2004 оны 4 дүгээр сарын 30-ны өдөр
170	MNCLW00171	даатгалын тухай хуулийг дагаж	1997 оны 12 дугаар сарын 5-ны өдөр
171	MNCLW00172	даатгалын тухай хуулийг дагаж мөрдөх журмын тухай	2005 оны 7 дугаар сарын 8-ны өдөр
172	MNCLW00173	даатгалын тухай	2004 оны 4 дүгээр сарын 30-ны өдөр
173	MNCLW00174	давс иоджуулж иод дутлаас сэргийлэх тухай хууль хүчингүй болсонд тооцох тухай	2019 оны 12 сарын 20 өдөр
174	MNCLW00175	дайн бүхий байдлын тухай	1998 оны 1 дүгээр сарын 8-ны өдөр
175	MNCLW00176	дайны байдлын тухай	1998 оны 5 дугаар сарын 15-ний өдөр
176	MNCLW00177	дайчилгааны тухай	1998 оны 5 дугаар сарын 15-ны өдөр
177	MNCLW00178	далай ашиглах тухай хууль хүчингүй болсонд тооцох тухай	2022 оны 06 сарын 03 өдөр
178	MNCLW00179	далай ашиглах тухай	2022 оны 06 сарын 03 өдөр
179	MNCLW00180	дампуурлын тухай	1997 оны 11 дүгээр сарын 20-ны өдөр
180	MNCLW00181	дархлаажуулалтын тухай	2000 оны 4 дүгээр сарын 20-ний өдөр
181	MNCLW00182	дипломат албаны тухай	2000 оны 10 дугаар сарын 05-ны өдөр
182	MNCLW00183	донорын тухай хууль хүчингүй болсонд тооцох тухай	2018 оны 1 дүгээр сарын 19-ний өдөр
183	MNCLW00184	донорын тухай	2018 оны 1 дүгээр сарын 19-ний өдөр
184	MNCLW00185	дотоодын цэргийн тухай	2017 оны 2 дугаар сарын 09-ний өдөр
185	MNCLW00186	дотоодын цэргийн тухай хуулийг дагаж мөрдөх журмын тухай	2017 оны 2 дугаар сарын 09-ний өдөр
186	MNCLW00187	дотоодын цэргийн тухай хууль хүчингүй болсонд тооцох тухай	2014 оны 1 дүгээр сарын 16-ны өдөр
187	MNCLW00188	дээд боловсролын санхүүжилт, суралцагчдын нийгмийн баталгааны тухай	2011 оны 07 дугаар сарын 09-ний өдөр
188	MNCLW00189	дээд боловсролын тухай	2002 оны 5 дугаар сарын 3-ны өдөр
189	MNCLW00190	ерөнхий боловсролын сургуулийн хоол үйлдвэрлэл, үйлчилгээний тухай	2019 оны 05 сарын 30 өдөр
190	MNCLW00191	жагсаал, цуглаан хийх журмын тухай	1994 оны 7 дугаар сарын 7-ны өдөр
191	MNCLW00192	жендэрийн эрх тэгш байдлыг хангах тухай	2011 оны 2 дугаар сарын 2-ны өдөр
192	MNCLW00193	жендэрийн эрх тэгш байдлыг хангах тухай хуулийг дагаж мөрдөх журмын тухай	2011 оны 2 дугаар сарын 2-ны өдөр
193	MNCLW00194	жижиг, дунд yйлдвэрийн тухай хууль хүчингүй болсонд тооцох тухай	2019 оны 06 сарын 06 өдөр
194	MNCLW00195	жижиг, дунд үйлдвэр, үйлчилгээг дэмжих тухай	2019 оны 06 сарын 06 өдөр
195	MNCLW00196	жолоочийн даатгалын тухай	2011 оны 10 дугаар сарын 6-ны өдөр
196	MNCLW00197	залуучуудын хөгжлийг дэмжих тухай	2017 оны 5 дугаар сарын 18-ны өдөр
197	MNCLW00198	замын хөдөлгөөний аюулгүй байдлын тухай	2015 оны 7 дугаар сарын 8-ны өдөр
198	MNCLW00199	зарим бараанд ногдуулах экспортын гаалийн татварын хэмжээ тогтоох тухай	1996 оны 3 дугаар сарын 29-ний өдөр
199	MNCLW00200	зарим бүтээгдэхүүний үнийн өсөлтийн албан татварын тухай хуулийг хүчингүй болсонд тооцох тухай	2009 оны 8 дугаар сарын 25-ны өдөр
200	MNCLW00201	зарим иргэний тэтгэврийн хэмжээг нэмэгдүүлэх тухай	2019 оны 11 сарын 13 өдөр
201	MNCLW00202	зарим материал, тоног төхөөрөмж, машин механизмыг гаалийн албан татвараас чөлөөлөх тухай	2005 оны 8 дугаар сарын 4-ны өдөр
202	MNCLW00203	зарим нийлэг хальсан уутны хэрэглээг хориглох тухай хууль хүчингүй болсонд тооцох тухай	2012 оны 5 дугаар сарын 17-ны өдөр
203	MNCLW00204	зарим төрлийн бараанд гаалийн болон нэмэгдсэн өртгийн албан татварыг ногдуулахгyй байх тухай	2002 оны 10 дугаар сарын 31-ний өдөр
204	MNCLW00205	зарим төрлийн бараанд нэмэгдсэн өртгийн албан татвар ногдуулахгүй байх тухай	2001 оны 11 дүгээр сарын 30-ны өдөр
205	MNCLW00206	зарим төрлийн бараанд нэмэгдсэн өртгийн албан татварын тухай хуулийн зарим заалтыг хамааруулахгүй байх тухай	2000 оны 2 дугаар сарын 03-ны өдөр
206	MNCLW00207	зарим төрлийн үйлчилгээ, бараанд тэмдэгтийн хураамжийн тухай хууль болон гаалийн тарифын тухай хуулийн зарим заалтыг хамааруулахгүй байх тухай	1999 оны 4 дүгээр сарын 8-ны өдөр
207	MNCLW00208	зарлиг хүчингүй болсонд тооцох тухай	2002 оны 6 дугаар сарын 13-ны өдөр
208	MNCLW00209	зар сурталчилгааны тухай	2002 оны 5 дугаар сарын 30-ны өдөр
209	MNCLW00210	засгийн газар дахь хяналтын тухай	2022 оны 11 сарын 11 өдөр
210	MNCLW00211	засгийн газарт эрх олгох тухай	2001 оны 11 дүгээр сарын 30-ны өдөр
211	MNCLW00212	засгийн газарт эрх олгох тухай	2003 оны 12 дугаар сарын 31-ний өдөр
212	MNCLW00213	1 дүгээр зүйл. малын гоц халдварт өвчнөөс сэргийлэх зориулалтаар 2001 оны 2 дугаар сарын 19-ний өдрөөс 2001 оны 8 дугаар сарын 19-ний өдөр хүртэлх хугацаанд импортолсон буюу импортлох вакцин, хаврын тариалалтад зориулж 2001 оны 8 дугаар сарын 19-ний өдөр хүртэл хугацаанд импортлох үрийн улаан буудай, бордоо, ургамал хамгааллын бодист ногдуулах импортын гаалийн татварын хувь, хэмжээг өөрчлөн зохицуулах эрхийг засгийн газарт олгосугай.хэвлэх	2001 оны 4 дүгээр сарын 26-ны өдөр
213	MNCLW00214	засгийн газрын агентлагийн эрх зүйн байдлын тухай	2004 оны 4 дүгээр сарын 15-ны өдөр
214	MNCLW00215	засгийн газрын бүрэлдэхүүний тухай	2008 оны 9 дүгээр сарын 17-ны өдөр
215	MNCLW00216	засгийн газрын бүрэлдэхүүний тухай	2004 оны 9 дугаар сарын 22-ны өдөр
216	MNCLW00217	засгийн газрын бүрэлдэхүүний тухай	2000 оны 8 дугаар сарын 3-ны өдөр
217	MNCLW00218	засгийн газрын бүрэлдэхүүний тухай хууль хүчингүй болсонд тооцох тухай	2016 оны 07 сарын 21 өдөр
218	MNCLW00219	засгийн газрын бүтцийн тухай	2000 оны 8 дугаар сарын 3-ны өдөр
219	MNCLW00220	засгийн газрын бүтцийн тухай	2008 оны 9 дүгээр сарын 17-ны өдөр
220	MNCLW00221	засгийн газрын бүтцийн тухай	2004 оны 9 дүгээр сарын 22-ны өдөр
221	MNCLW00222	засгийн газрын бүтцийн тухай хууль хүчингүй болсонд тооцох тухай	2016 оны 08 сарын 16 өдөр
222	MNCLW00223	засгийн газрын тусгай сангийн тухай хууль хүчингүй болсонд тооцох тухай	2019 оны 11 сарын 13 өдөр
223	MNCLW00224	засгийн газрын тусгай сангийн тухай хууль /шинэчилсэн найруулга/-ийг дагаж мөрдөх журмын тухай	2019 оны 11 сарын 13 өдөр
224	MNCLW00225	засгийн газрын тусгай сангийн тухай	2019 оны 11 сарын 13 өдөр
225	MNCLW00226	захиргааны ерөнхий хууль	2015 оны 6 дугаар сарын 19-ний өдөр
226	MNCLW00227	захиргааны журмаар албадан хөдөлмөр хийлгэх тухай хууль хүчингүй болсонд тооцох тухай	2015 оны 12 дугаар сарын 04-ний өдөр
227	MNCLW00228	захиргааны хариуцлагын тухай хууль хүчингүй болсонд тооцох тухай	2015 оны 12 дугаар сарын 04-ний өдөр
228	MNCLW00229	захиргааны хэргийн давж заалдах шатны шүүх байгуулах тухай хууль хүчингүй болсонд тооцох тухай	2013 оны 01 сарын 24 өдөр
229	MNCLW00230	захиргааны хэргийн шүүх байгуулах тухай хууль хүчингүй болсонд тооцох тухай	2013 оны 1 дүгээр сарын 24-ний өдөр
230	MNCLW00231	захиргааны хэрэг шүүхэд хянан шийдвэрлэх тухай	2016 оны 2 дугаар сарын 04-ний өдөр
231	MNCLW00232	зөвлөлдөх санал асуулгын тухай	2017 оны 2 дугаар сарын 09-ний өдөр
232	MNCLW00233	зөвшөөрлийн тухай хууль /шинэчилсэн найруулга/-ийг дагаж мөрдөх журмын тухай	2023 оны 01 сарын 06 өдөр
233	MNCLW00234	зөвшөөрлийн тухай	2022 оны 06 сарын 17 өдөр
234	MNCLW00235	зөрчил шалган шийдвэрлэх тухай	2017 оны 5 дугаар сарын 18-ны өдөр
235	MNCLW00236	зөрчил шалган шийдвэрлэх тухай хуулийг дагаж мөрдөх журмын тухай	2017 оны 5 дугаар сарын 18-ны өдөр
236	MNCLW00237	зөрчлийн тухай хуулийг дагаж мөрдөх журмын тухай	2017 оны 5 дугаар сарын 18-ны өдөр
237	MNCLW00238	зөрчлийн тухай хуулийг хүчингүй болсонд тооцох тухай	2017 оны 5 дугаар сарын 11-ны өдөр
238	MNCLW00239	зөрчлийн тухай	2017 оны 5 дугаар сарын 11-ний өдөр
239	MNCLW00240	зохиогчийн эрх болон түүнд хамаарах эрхийн тухай хууль хүчингүй болсонд тооцох тухай	2021 оны 05 сарын 06 өдөр
240	MNCLW00241	зохиогчийн эрхийн тухай	2021 оны 05 сарын 06 өдөр
241	MNCLW00242	зэвсэгт хүчний тухай	2016 оны 9 дүгээр сарын 01-ний өдөр
242	MNCLW00243	зээлийн батлан даалтын сангийн тухай	2012 оны 2 дугаар сарын 10-ны өдөр
243	MNCLW00244	зээлийн мэдээллийн тухай	2011 оны 10 дугаар сарын 20-ны өдөр
244	MNCLW00245	инновацийн тухай	2012 оны 5 дугаар сарын 22-ны өдөр
245	MNCLW00246	ипотекийн зyйлийг шyyхийн бус журмаар худалдан борлуулах журмын тухай хуулийг хyчингyй болсонд тооцох тухай	2009 оны 7 дугаар сарын 9-ний өдөр
246	MNCLW00247	иргэдээс төрийн байгууллага, албан тушаалтанд гаргасан өргөдөл, гомдлыг шийдвэрлэх тухай	1995 оны 4 дүгээр сарын 17-ны өдөр
247	MNCLW00248	иргэний бүртгэлийн тухай хууль хүчингүй болсонд тооцох тухай	2018 оны 6 дугаар сарын 21-ний өдөр
248	MNCLW00249	иргэний нисэхийн тухай	1999 оны 1 дүгээр сарын 21-ний өдөр
249	MNCLW00250	иргэний тэтгэвэр барьцаалсан зээлийн төлбөрийг төрөөс нэг удаа төлөх тухай	2020 оны 01 сарын 10 өдөр
250	MNCLW00251	иргэний тэтгэвэр барьцаалсан зээлийн төлбөрийг төрөөс нэг удаа төлөх тухай хуулийг дагаж мөрдөх журмын тухай	2020 оны 01 сарын 10 өдөр
251	MNCLW00252	иргэний улсын бүртгэлийн тухай	2018 оны 6 дугаар сарын 21-ний өдөр
252	MNCLW00253	иргэний хууль	2002 оны 1 дүгээр сарын 10-ны өдөр
253	MNCLW00254	иргэний хуульд нэмэлт, өөрчлөлт оруулах тухай хуулийг дагаж мөрдөх журмын тухай	2022 оны 11 сарын 04 өдөр
254	MNCLW00255	иргэний хэрэг шүүхэд хянан шийдвэрлэх тухай	2002 оны 1 дүгээр сарын 10-ны өдөр
255	MNCLW00256	иргэний хэрэг шүүхэд хянан шийдвэрлэх тухай хуульд нэмэлт, өөрчлөлт оруулах тухай хуулийг дагаж мөрдөх журмын тухай	2021 оны 01 сарын 15 өдөр
256	MNCLW00257	ирээдүйн өв сангийн 2022 оны төсвийн тухай	2021 оны 11 сарын 12 өдөр
257	MNCLW00258	ирээдүйн өв сангийн 2022 оны төсвийн тухай хуулийг дагаж мөрдөх журмын тухай	2021 оны 11 сарын 12 өдөр
258	MNCLW00259	ирээдүйн өв сангийн тухай	2016 оны 2 дугаар сарын 05-ны өдөр
259	MNCLW00260	ирээдүйн өв сангийн тухай хуулийг дагаж мөрдөх журмын тухай хууль	2016 оны 2 дугаар сарын 05-ны өдөр
260	MNCLW00261	ирээдүйн тэтгэврийн нөөц сангийн тухай хуулийг дагаж мөрдөх журмын тухай хууль хүчингүй болсонд тооцох тухай	2016 оны 9 дүгээр сарын 07-ны өдөр
261	MNCLW00262	ирээдүйн тэтгэврийн нөөц сангийн тухай хууль хүчингүй болсонд тооцох тухай	2019 оны 11 сарын 13 өдөр
262	MNCLW00263	кадастрын зураглал ба газрын кадастрын тухай	1999 оны 12 дугаар сарын 16-ны өдөр
263	MNCLW00264	казино байгуулах, ажиллуулахыг хориглох тухай	1999 оны 1 дүгээр сарын 22-ны өдөр
264	MNCLW00265	кибер аюулгүй байдлын тухай	2021 оны 12 сарын 17 өдөр
265	MNCLW00266	кино урлагийг дэмжих тухай	2021 оны 07 сарын 02 өдөр
266	MNCLW00267	компанийн тухай хуулийг дагаж мөрдөх журмын тухай	2011 оны 10 дугаар сарын 6-ны өдөр
267	MNCLW00268	компанийн тухай хуулийг хүчингүй болсонд тооцох тухай	2011 оны 10 сарын 06 өдөр
268	MNCLW00269	компанийн тухай	2011 оны 10 дугаар сарын 6-ны өдөр
269	MNCLW00270	концессын тухай	2010 оны 1 дүгээр сарын 28-ны өдөр
270	MNCLW00271	концессын тухай хууль хүчингүй болсонд тооцох тухай	2022 оны 12 сарын 09 өдөр
271	MNCLW00272	коронавируст халдвар /ковид-19/-ын цар тахлаас урьдчилан сэргийлэх, тэмцэх, нийгэм, эдийн засагт үзүүлэх сөрөг нөлөөллийг бууруулах тухай	2020 оны 04 сарын 29 өдөр
272	MNCLW00273	коронавируст халдвар /ковид-19/-ын цар тахлаас урьдчилан сэргийлэх, тэмцэх, нийгэм, эдийн засагт үзүүлэх сөрөг нөлөөллийг бууруулах тухай хуульд нэмэлт, өөрчлөлт оруулах тухай хуулийг дагаж мөрдөх журмын тухай	2021 оны 01 сарын 29 өдөр
273	MNCLW00274	мал, амьтны эрүүл мэндийн тухай	2017 оны 12 дугаар сарын 08-ны өдөр
274	MNCLW00275	мал хулгайлах гэмт хэрэгтэй тэмцэх, урьдчилан сэргийлэх тухай	2004 оны 05 дугаар сарын 14-ний өдөр
275	MNCLW00276	малчин, хувиараа хөдөлмөр эрхлэгчийн тэтгэврийн даатгалын шимтгэлийг нөхөн төлүүлэх тухай	2017 оны 2 дугаар сарын 02-ны өдөр
276	MNCLW00277	малын генетик нөөцийн тухай	2017 оны 12 дугаар сарын 14-ний өдөр
277	MNCLW00278	малын индексжүүлсэн даатгалын тухай хууль	2014 оны 6 дугаар сарын 13-ны өдөр
278	MNCLW00279	малын тоо толгойн албан татварын тухай	2020 оны 11 сарын 13 өдөр
279	MNCLW00280	малын удмын сан, эрүүл мэндийг хамгаалах тухай хууль хүчингүй болсонд тооцох тухай	2017 оны 12 дугаар сарын 14-ний өдөр
280	MNCLW00281	мансууруулах эм, сэтгэцэд нөлөөт бодисын эргэлтэд хяналт тавих тухай	2002 оны 11 дүгээр сарын 28-ны өдөр
281	MNCLW00282	монгол улсыг хөгжүүлэх сангаас хөрөнгө зарцуулах тухай	2008 оны 10 дугаар сарын 09-ний өдөр
282	MNCLW00283	монгол улсыг хөгжүүлэх сангийн 2008 оны төсвийн тухай	2007 оны 11 дүгээр сарын 30-ны өдөр
283	MNCLW00284	монгол улсыг хөгжүүлэх сангийн 2009 оны төсвийн тухай	2008 оны 11 дүгээр сарын 27-ны өдөр
284	MNCLW00285	монгол улсын 1998 оны төвлөрсөн төсвийн тухай хууль	1997 оны 11 дүгээр сарын 21-ний өдөр
285	MNCLW00286	монгол улсын 1999 оны төвлөрсөн төсвийн тухай	1998 оны 12 дугаар сарын 3-ны өдөр
286	MNCLW00287	монгол улсын 2000 оны төвлөрсөн	1999 оны 12 дугаар сарын 01-ний өдөр
287	MNCLW00288	монгол улсын 2001 оны төвлөрсөн төсвийн тухай	2000 оны 11 дүгээр сарын 17-ны өдөр
288	MNCLW00289	монгол улсын 2002 оны төвлөрсөн төсвийн тухай	2001 оны 11 дүгээр сарын 23-ны өдөр
289	MNCLW00290	монгол улсын 2003 оны төсвийн тухай	2002 оны 11 дүгээр сарын 22-ны өдөр
290	MNCLW00291	монгол улсын 2004 оны төсвийн тухай	2003 оны 11 дүгээр сарын 28-ны өдөр
291	MNCLW00292	монгол улсын 2005 оны төсвийн тухай	2004 оны 11 дүгээр сарын 30-ны өдөр
292	MNCLW00293	монгол улсын 2006 оны төсвийн тухай	2005 оны 11 дүгээр сарын 18-ны өдөр
293	MNCLW00294	монгол улсын 2007 оны төсвийн тухай	2006 оны 11 дүгээр сарын 30-ны өдөр
294	MNCLW00295	монгол улсын 2008 оны төсвийн тухай	2007 оны 11 дүгээр сарын 30-ны өдөр
295	MNCLW00296	монгол улсын 2009 оны төсвийн тухай	2008 оны 11 дүгээр сарын 27-ны өдөр
296	MNCLW00297	монгол улсын 2010 оны төсвийн тухай	2009 оны 11 дүгээр сарын 27-ны өдөр
297	MNCLW00298	монгол улсын 2011 оны төсвийн тухай	2010 оны 11 дүгээр сарын 25-ны өдөр
298	MNCLW00299	монгол улсын 2012 оны төсвийн тухай	2011 оны 11 дүгээр сарын 30-ны өдөр
299	MNCLW00300	монгол улсын 2013 оны төсвийн тухай	2012 оны 11 дүгээр сарын 8-ны өдөр
300	MNCLW00301	монгол улсын 2013 оны төсвийн тухай хуульд төсвийн тухай хуулийн зарим заалтыг хамааруулахгүй байх тухай	2012 оны 11 дүгээр сарын 08-ны өдөр
301	MNCLW00302	монгол улсын 2014 оны төсвийн тухай	2013 оны 11 дүгээр сарын 15-ны өдөр
302	MNCLW00303	монгол улсын 2015 оны төсвийн тухай	2014 оны 11 дүгээр сарын 14-ний өдөр
303	MNCLW00304	монгол улсын 2016 оны төсвийн тухай	2015 оны 11 дүгээр сарын 13-ны өдөр
304	MNCLW00305	монгол улсын 2017 оны төсвийн тухай	2016 оны 11 дүгээр сарын 10-ны өдөр
305	MNCLW00306	монгол улсын 2018 оны төсвийн тухай	2017 оны 11 сарын 14 өдөр
306	MNCLW00307	монгол улсын 2019 оны төсвийн тухай	2018 оны 11 дүгээр сарын 02-ны өдөр
307	MNCLW00308	монгол улсын 2020 оны төсвийн тухай	2019 оны 11 сарын 13 өдөр
308	MNCLW00309	монгол улсын 2021 оны төсвийн тухай	2020 оны 11 сарын 13 өдөр
309	MNCLW00310	монгол улсын 2022 оны төсвийн тухай	2021 оны 11 сарын 12 өдөр
310	MNCLW00311	монгол улсын 2023 оны төсвийн тухай	2022 оны 11 сарын 11 өдөр
311	MNCLW00312	монгол улсын автотээврийн болон өөрөө явагч хэрэгслийн албан татварын хууль	1992 оны 12 дугаар сарын 1-ний өдөр
312	MNCLW00313	монгол улсын баатар, хөдөлмөрийн баатар, ардын болон гавьяат цолтон ахмад настанд төрөөс олгох нэмэгдлийн тухай хууль хүчингүй болсонд тооцох тухай	2017 оны 2 дугаар сарын 02-ны өдөр
313	MNCLW00314	монгол улсын батлан хамгаалах тухай	2016 оны 09 дүгээр сарын 01-ний өдөр
314	MNCLW00315	монгол улсын ерөнхийлөгчийн бүрэн эрхийг хүлээн зөвшөөрөх тухай	1993 оны 6 дугаар сарын 17-ны өдөр
315	MNCLW00316	монгол улсын ерөнхийлөгчийн сонгуулийн тухай хууль хүчингүй болсонд тооцох тухай	2015 оны 12 дугаар сарын 25-ны өдөр
316	MNCLW00317	монгол улсын ерөнхийлөгчийн сонгуулийн тухай хууль /шинэчилсэн найруулга/-ийг дагаж мөрдөх журмын тухай	2020 оны 12 сарын 24 өдөр
317	MNCLW00318	монгол улсын ерөнхийлөгчийн сонгуулийн тухай	2020 оны 12 сарын 24 өдөр
318	MNCLW00319	монгол улсын ерөнхийлөгчийн сонгуулийн хууль хүчингүй болсонд тооцох тухай	2012 оны 12 дугаар сарын 21-ний өдөр
319	MNCLW00320	монгол улсын ерөнхийлөгчийн тухай	1993 оны 6 дугаар сарын 5-ны өдөр
320	MNCLW00321	монгол улсын ерөнхийлөгчөөр сонгогдсон гэж yзэж бyрэн эрхийг нь хyлээн зөвшөөрөх тухай	2017 оны 7 дугаар сарын 10-ны өдөр
321	MNCLW00322	монгол улсын ерөнхийлөгчөөр	2013 оны 7 дугаар сарын 3-ны өдөр
322	MNCLW00323	монгол улсын ерөнхийлөгчөөр сонгогдсон гэж yзэж бyрэн эрхийг нь хyлээн зөвшөөрөх тухай	2009 оны 6 дугаар сарын 4-ний өдөр
323	MNCLW00324	монгол улсын ерөнхийлөгчөөр сонгогдсон гэж yзэж бүрэн эрхийг нь хүлээн зөвшөөрөх тухай	2005 оны 6 дугаар сарын 3-ны өдөр
324	MNCLW00325	монгол улсын ерөнхийлөгчөөр сонгогдсон гэж үзэж бүрэн эрхийг нь хүлээн зөвшөөрөх тухай	021 оны 06 сарын 11 өдөр
325	MNCLW00326	монгол улсын ерөнхийлөгчөөр сонгогдсон гэж үзэж бүрэн эрхийг нь хүлээн зөвшөөрөх тухай	1997 оны 5 дугаар сарын 30-ны өдөр
326	MNCLW00327	монгол улсын ерөнхийлөгчөөр сонгогдсон гэж үзэж бүрэн эрхийг нь хүлээн зөвшөөрөх тухай	2001 оны 6 дугаар сарын 8-ны өдөр
327	MNCLW00328	монгол улсын засаг захиргаа, нутаг дэвсгэрийн нэгж, түүний удирдлагын тухай хуульд өөрчлөлт оруулах тухай хуулийг дагаж мөрдөх журмын тухай хууль хүчингүй болсонд тооцох тухай	2020 оны 12 сарын 24 өдөр
328	MNCLW00329	монгол улсын засаг захиргаа,нутаг дэвсгэрийн нэгж, түүний удирдлагын тухай хууль хүчингүй болсонд тооцох тухай	2021 оны 12 сарын 24 өдөр
329	MNCLW00330	монгол улсын засаг захиргаа, нутаг дэвсгэрийн нэгж, түүний удирдлагын тухай	2020 оны 12 сарын 24 өдөр
330	MNCLW00331	монгол улсын засгийн газрын бүрэлдэхүүний тухай	2016 оны 7 дугаар сарын 21-ний өдөр
331	MNCLW00332	монгол улсын засгийн газрын бүтцийн тухай	2016 оны 7 дугаар сарын 21-ний өдөр
332	MNCLW00333	монгол улсын засгийн газрын тухай	1993 оны 5 дугаар сарын 06-ны өдөр
333	MNCLW00334	монгол улсын засгийн газрын тухай хуульд өөрчлөлт оруулах тухай хуулийг дагаж мөрдөх журмын тухай	2017 оны 12 дугаар сарын 07-ны өдөр
334	MNCLW00335	монгол улсын иргэн гадаадад хувийн хэргээр зорчих, цагаачлах тухай	1993 оны 12 дугаар сарын 24-ний өдөр
335	MNCLW00336	монгол улсын иргэнд газар өмчлүүлэх тухай	2002 оны 6 дугаар сарын 27-ны өдөр
336	MNCLW00337	монгол улсын иргэнд газар өмчлүүлэх тухай хуулийг дагаж мөрдөх журмын тухай	2002 оны 6 дугаар сарын 27-ны өдөр
337	MNCLW00338	монгол улсын иргэний хуулийг дагаж мөрдөх журмын тухай	2002 оны 1 дүгээр сарын 10-ны өдөр
338	MNCLW00339	монгол улсын иргэний цэргийн үүргийн болон цэргийн албан хаагчийн эрх зүйн байдлын тухай хууль хүчингүй болсонд тооцох тухай	2016 оны 9 дүгээр сарын 01-ний өдөр
339	MNCLW00340	монгол улсын их хурлын гишүүний эрх зүйн байдлын тухай хууль хүчингүй болсонд тооцох тухай	2006 оны 01 дүгээр сарын 26-ны өдөр
340	MNCLW00341	монгол улсын их хурлын сонгуулийн тухай	2019 оны 12 сарын 20 өдөр
341	MNCLW00342	монгол улсын их хурлын сонгуулийн тухай хуулийг дагаж мөрдөх журмын тухай	2008 оны 5 дугаар сарын 23-ны өдөр
342	MNCLW00343	монгол улсын их хурлын сонгуулийн тухай хуулийг дагаж мөрдөх журмын тухай	2006 оны 1 дүгээр сарын 12-ны өдөр
343	MNCLW00344	монгол улсын их хурлын сонгуулийн тухай хууль хүчингүй болсонд тооцох тухай	2011 оны 12 дугаар сарын 15-ны өдөр
344	MNCLW00345	монгол улсын их хурлын сонгуулийн тухай хууль хүчингүй болсонд тооцох тухай	2015 оны 12 дугаар сарын 25-ны өдөр
345	MNCLW00346	монгол улсын их хурлын тухай хууль хүчингүй болсонд тооцох тухай	2020 оны 05 сарын 07 өдөр
346	MNCLW00347	монгол улсын их хурлын тухай	2020 оны 05 сарын 07 өдөр
347	MNCLW00348	монгол улсын их хурлын хяналт шалгалтын тухай	2021 оны 12 сарын 24 өдөр
348	MNCLW00349	монгол улсын их хурлын чуулганы хуралдааны дэгийн тухай хууль хүчингүй болсонд тооцох тухай	2020 оны 05 сарын 13 өдөр
349	MNCLW00350	монгол улсын их хурлын чуулганы хуралдааны дэгийн тухай	2020 оны 05 сарын 13 өдөр
350	MNCLW00351	монгол улсын нийслэл улаанбаатар хотын эрх зүйн байдлын тухай	2021 оны 07 сарын 07 өдөр
351	MNCLW00352	монгол улсын нэгдсэн төсвийн 2012 оны төсвийн хүрээний мэдэгдэл, 2013-2014 оны төсвийн төсөөллийн тухай	2011 оны 7 дугаар сарын 9-ний өдөр
352	MNCLW00353	монгол улсын нэгдсэн төсвийн 2013 оны төсвийн хүрээний мэдэгдэл, 2014-2015 оны төсвийн төсөөллийн тухай	2012 оны 5 дугаар сарын 22-ны өдөр
353	MNCLW00354	монгол улсын нэгдсэн төсвийн 2014 оны төсвийн хүрээний мэдэгдэл, 2015-2016 оны төсвийн төсөөллийн тухай	2013 оны 5 дугаар сарын 24-ний өдөр
354	MNCLW00355	монгол улсын нэгдсэн төсвийн 2015 оны төсвийн хүрээний мэдэгдэл, 2016-2017 оны төсвийн төсөөллийн тухай	2014 оны 5 дугаар сарын 30-ний өдөр
355	MNCLW00356	монгол улсын нэгдсэн төсвийн 2016 оны төсвийн хүрээний мэдэгдэл, 2017-2018 оны төсвийн төсөөллийн тухай	2015 оны 5 дугаар сарын 21-ний өдөр
356	MNCLW00357	монгол улсын нэгдсэн төсвийн 2017 оны төсвийн хүрээний мэдэгдэл, 2018-2019 оны төсвийн төсөөллийн тухай	2016 оны 11 дүгээр сарын 10-ны өдөр
357	MNCLW00358	монгол улсын нэгдсэн төсвийн 2018 оны төсвийн хүрээний мэдэгдэл, 2019-2020 оны төсвийн төсөөллийн тухай	2017 оны 5 дугаар сарын 31-ний өдөр
358	MNCLW00359	монгол улсын нэгдсэн төсвийн 2019 оны төсвийн хүрээний мэдэгдэл, 2020-2021 оны төсвийн төсөөллийн тухай	2018 оны 5 дугаар сарын 25-ны өдөр
359	MNCLW00360	монгол улсын нэгдсэн төсвийн 2020 оны төсвийн хүрээний	2019 оны 05 сарын 30 өдөр
360	MNCLW00361	монгол улсын нэгдсэн төсвийн 2021 оны төсвийн хүрээний мэдэгдэл, 2022-2023 оны төсвийн төсөөллийн тухай	2020 оны 08 сарын 28 өдөр
361	MNCLW00362	монгол улсын нэгдсэн төсвийн 2022 оны төсвийн хүрээний мэдэгдэл, 2023-2024 оны төсвийн төсөөллийн тухай	2021 оны 05 сарын 13 өдөр
362	MNCLW00363	монгол улсын нэгдсэн төсвийн 2023 оны төсвийн хүрээний мэдэгдэл, 2024-2025 оны төсвийн төсөөллийн тухай	2022 оны 05 сарын 27 өдөр
363	MNCLW00364	монгол улсын нэгдсэн төсвийн тухай хуулийг хүчингүй болсонд тооцох тухай	2011 оны 12 дугаар сарын 23-ны өдөр
364	MNCLW00365	монгол улсын төрийн ордны тухай	2001 оны 2 дугаар сарын 1-ний өдөр
365	MNCLW00366	монгол улсын тэмдэгтийн хураамжийн хууль хүчингүй болсонд тооцох тухай	2010 оны 12 дугаар сарын 30-ны өдөр
366	MNCLW00367	бнмау-ын үндсэн хуулиас монгол улсын үндсэн хуулийг бүрнээ дагаж мөрдөхөд шилжих тухай	1992 оны 1 дүгээр сарын 16-ны өдрийн 09 цаг з8 минут
367	MNCLW00368	монгол улсын үндсэн хуулийн цэцийн тухай	1992 оны 5 дугаар сарын 8-ны өдөр
368	MNCLW00369	монгол улсын үндсэн хуульд нэмэлт, өөрчлөлт оруулах журмын тухай	2010 оны 10 дугаар сарын 23-ны өдөр
369	MNCLW00370	монгол улсын үндсэн хуульд нэмэлт, өөрчлөлт оруулах журмын тухай хуулийг дагаж мөрдөх журмын тухай	2011 оны 11 дүгээр сарын 30-ны өдөр
370	MNCLW00371	монгол улсын үндсэн хуульд оруулсан нэмэлт, өөрчлөлтийг	2019 оны 11 сарын 14 өдөр
371	MNCLW00372	монгол улсын үндэсний аюулгүй байдлын зөвлөлийн тухай	1992 оны 5 дугаар сарын 29-ний өдөр
372	MNCLW00373	монгол улсын хилийг шалгасан баримт бичиг батлах тухай	2002 оны 4 дүгээр сарын 19-ний өдөр
373	MNCLW00374	монгол улсын хилийн тухай хуулийг дагаж мөрдөх журмын тухай	2016 оны 12 дугаар сарын 28-ны өдөр
374	MNCLW00375	монгол улсын хилийн тухай хууль хүчингүй болсонд тооцох тухай	2016 оны 12 дугаар сарын 28-ны өдөр
375	MNCLW00376	монгол улсын хилийн тухай	2016 оны 12 дугаар сарын 28-ны өдөр
376	MNCLW00377	монгол улсын хөгжлийн банкны тухай хууль хүчингүй болсонд тооцох тухай	2017 оны 2 дугаар сарын 10-ны өдөр
377	MNCLW00378	монгол улсын хөгжлийн банкны тухай	2017 оны 2 дугаар сарын 10-ны өдөр
378	MNCLW00379	монгол улсын хүний эрхийн үндэсний комиссын тухай	2020 оны 01 сарын 23 өдөр
379	MNCLW00380	монгол улсын цагдаагийн байгууллагын тухай хууль хүчингүй болсонд тооцох тухай	2013 оны 7 дугаар сарын 5-ны өдөр
380	MNCLW00381	монгол улсын шүүхийн тухай хууль хүчингүй болсонд тооцох тухай	2021 оны 01 сарын 15 өдөр
381	MNCLW00382	монгол улсын шүүхийн тухай хууль /шинэчилсэн найруулга/-ийг дагаж мөрдөх журмын тухай	2021 оны 01 сарын 15 өдөр
382	MNCLW00383	монгол улсын шүүхийн тухай	2021 оны 01 сарын 15 өдөр
383	MNCLW00384	монгол улсын эрүүгийн хууль	1986 оны 12 дугаар сарын 5-ны өдөр
384	MNCLW00385	монгол улсын яамны эрх зyйн байдлын тухай	2004 оны 4 дүгээр сарын 15-ны өдөр
385	MNCLW00386	монгол хэлний тухай	2015 оны 2 дугаар сарын 12-ны өдөр
386	MNCLW00387	монголын тулгар төрийг үүсгэн байгуулсны 790 жилийн ойг тохиолдуулан насанд хүрээгүй этгээд, эмэгтэйчүүд, жар, түүнээс дээш насны эрэгтэйчүүдэд өршөөл үзүүлэх тухай	1996 оны 8 дугаар сарын 22-ны өдөр
387	MNCLW00388	монголын улаан загалмай нийгэмлэгийн эрх зүйн байдлын тухай хууль хүчингүй болсонд тооцох тухай	2016 оны 1 дүгээр сарын 07-ны өдөр
388	MNCLW00389	монголын улаан загалмай нийгэмлэгийн эрх зүйн байдлын тухай	2016 оны 1 дүгээр сарын 07-ны өдөр
389	MNCLW00390	мөнгөн зээлийн үйл ажиллагааг зохицуулах тухай	2022 оны 11 сарын 04 өдөр
390	MNCLW00391	мөнгөн зээлийн үйл ажиллагааг зохицуулах тухай хуулийг дагаж мөрдөх журмын тухай	2022 оны 11 сарын 04 өдөр
391	MNCLW00392	мөнгө угаах болон терроризмыг санхүүжүүлэхтэй тэмцэх тухай хуульд нэмэлт, өөрчлөлт оруулах тухай хуулийг дагаж мөрдөх журмын тухай	2018 оны 4 дүгээр сарын 26-ны өдөр
392	MNCLW00393	мөнгө угаах болон терроризмыг	2013 оны 5 дугаар сарын 31-ний өдөр
393	MNCLW00394	мөнгө угаах болон терроризмыг санхүүжүүлэхтэй тэмцэх тухай	2013 оны 5 дугаар сарын 31-ний өдөр
394	MNCLW00395	музейн тухай	2021 оны 01 сарын 29 өдөр
395	MNCLW00396	мэдээллийн ил тод байдал ба мэдээлэл авах эрхийн тухай хуулийг дагаж мөрдөх журмын тухай хууль хүчингүй болсонд тооцох тухай	2021 оны 12 сарын 17 өдөр
396	MNCLW00397	мэдээллийн ил тод байдал ба мэдээлэл авах эрхийн тухай хууль хүчингүй болсонд тооцох тухай	2021 оны 12 сарын 17 өдөр
397	MNCLW00398	мэргэжлийн боловсрол, сургалтын тухай	2009 оны 2 дугаар сарын 13-ны өдөр
398	MNCLW00399	"""мянганы зам"" төслийг хэрэгжүүлэхтэй холбогдуулан нэмэгдсэн өртгийн албан татвараас чөлөөлөх тухай"	2001 оны 10 дугаар сарын 18-ны өдөр
399	MNCLW00400	"""мянганы зам"" төслийг хэрэгжүүлэхтэй холбогдуулан түгээмэл тархацтай ашигт малтмал ашигласны төлбөрөөс чөлөөлөх тухай"	2001 оны 10 дугаар сарын 18-ны өдөр
400	MNCLW00401	намын гишүүнээс түдгэлзвэл зохих албан тушаалын тухай	1991 оны 8 дугаар сарын 28-ны өдөр
401	MNCLW00402	нийгмийн даатгалын сангаас олгох ажилгүйдлийн тэтгэмжийн тухай	1994 оны 7 дугаар сарын 05-ны өдөр
402	MNCLW00403	нийгмийн даатгалын сангаас олгох тэтгэвэр, тэтгэмжийн тухай	1994 оны 6 дугаар сарын 7-ны өдөр
403	MNCLW00404	нийгмийн даатгалын сангаас олгох тэтгэвэр, тэтгэмжийн тухай хуульд нэмэлт, өөрчлөлт оруулах тухай, нийгмийн халамжийн сангаас олгох тэтгэвэр, тэтгэмжийн тухай хуульд өөрчлөлт оруулах тухай, хуулийн зүйл, заалт хүчингүй болсонд тооцох тухай хуулиудыг хэрэглэх журмын тухай	1997 оны 1 дүгээр сарын 16-ны өдөр
404	MNCLW00405	нийгмийн даатгалын сангаас олгох тэтгэвэр, тэтгэмжийн тухай хуульд нэмэлт оруулах тухай хуулийг дагаж мөрдөх журмын тухай	2018 оны 10 дугаар сарын 26-ны өдөр
405	MNCLW00406	нийгмийн даатгалын сангаас олгох үйлдвэрлэлийн осол, мэргэжлээс шалтгаалсан өвчний тэтгэвэр, тэтгэмж, төлбөрийн тухай	1994 оны 6 дугаар сарын 7-ны өдөр
406	MNCLW00407	нийгмийн даатгалын сангийн 2008 оны төсвийн тухай	2007 оны 11 дүгээр сарын 30-ны өдөр
407	MNCLW00408	нийгмийн даатгалын сангийн 2009 оны төсвийн тухай	2008 оны 11 дүгээр сарын 27-ны өдөр
408	MNCLW00409	нийгмийн даатгалын сангийн	2009 оны 11 дүгээр сарын 27-ны өдөр
409	MNCLW00410	нийгмийн даатгалын сангийн 2011 оны төсвийн тухай	2010 оны 11 дүгээр сарын 25-ны өдөр
410	MNCLW00411	нийгмийн даатгалын сангийн 2012 оны төсвийн тухай	2011 оны 11 дүгээр сарын 30-ны өдөр
411	MNCLW00412	нийгмийн даатгалын сангийн 2013 оны төсвийн тухай	2012 оны 11 дүгээр сарын 08-ны өдөр
412	MNCLW00413	нийгмийн даатгалын сангийн 2014 оны төсвийн тухай	2013 оны 11 дүгээр сарын 15-ны өдөр
413	MNCLW00414	нийгмийн даатгалын сангийн 2015 оны төсвийн тухай	2014 оны 11 дүгээр сарын 14-ний өдөр
414	MNCLW00415	нийгмийн даатгалын сангийн 2016 оны төсвийн тухай	2015 оны 11 дүгээр сарын 13-ны өдөр
415	MNCLW00416	нийгмийн даатгалын сангийн 2017 оны төсвийн тухай	2016 оны 11 дүгээр сарын 10-ны өдөр
416	MNCLW00417	нийгмийн даатгалын сангийн 2018 оны төсвийн тухай	2017 оны 11 дүгээр сарын 14-ний өдөр
417	MNCLW00418	нийгмийн даатгалын сангийн 2019 оны төсвийн тухай	2018 оны 11 дүгээр сарын 02-ны өдөр
418	MNCLW00419	нийгмийн даатгалын сангийн 2020 оны төсвийн тухай	2019 оны 11 сарын 13 өдөр
419	MNCLW00420	нийгмийн даатгалын сангийн 2021 оны төсвийн тухай	2020 оны 11 сарын 13 өдөр
420	MNCLW00421	нийгмийн даатгалын сангийн 2022 оны төсвийн тухай	2021 оны 11 сарын 12 өдөр
421	MNCLW00422	нийгмийн даатгалын сангийн 2023 оны төсвийн тухай	2022 оны 11 сарын 11 өдөр
422	MNCLW00423	нийгмийн даатгалын тухай	1994 оны 5 дугаар сарын 31-ний өдөр
423	MNCLW00424	нийгмийн даатгалын тухай хуулиудыг хэрэглэх журмын тухай	1994 оны 6 дугаар сарын 9-ний өдөр
424	MNCLW00425	нийгмийн даатгалын шимтгэл төлөгчийг торгох шийтгэл, алдангиас чөлөөлөх тухай	2020 оны 12 сарын 31 өдөр
425	MNCLW00426	нийгмийн даатгалын шимтгэл төлөгчийг торгох шийтгэл, алдангиас чөлөөлөх тухай	2020 оны 04 сарын 09 өдөр
426	MNCLW00427	нийгмийн даатгалын шимтгэлээ өөрөө хариуцан төлсөн зарим даатгуулагчийн шимтгэлийн 50 хувийг буцаан олгох тухай	2022 оны 04 сарын 29 өдөр
427	MNCLW00428	нийгмийн даатгалын шимтгэлээс чөлөөлөх, ажилгүйдлийн даатгалын сангаас дэмжлэг үзүүлэх тухай	2020 оны 04 сарын 09 өдөр
428	MNCLW00429	нийгмийн халамжийн тухай хуулийг хүчингүй болсонд тооцох тухай	2012 оны 1 дүгээр сарын 19-ний өдөр
429	MNCLW00430	нийгмийн халамжийн тухай хуулиудыг дагаж мөрдөх журмын тухай	2005 оны 12 дугаар сарын 8-ны өдөр
430	MNCLW00431	нийгмийн халамжийн тухай	2012 оны 1 дүгээр сарын 19-ний өдөр
431	MNCLW00432	нийслэлийн агаарын бохирдлыг бууруулах тухай хуулийг хүчингүй болсонд тооцох тухай	2012 оны 5 дугаар сарын 17-ны өдөр
432	MNCLW00433	нийслэлийн иргэдийн төлөөлөгчдийн хурлын сонгуулийн тухай хууль хүчингүй болсонд тооцох тухай	2015 оны 12 дугаар сарын 25-ны өдөр
433	MNCLW00434	нийслэлийн эрх зүйн байдлын тухай хууль хүчингүй болсонд тооцох тухай	2021 оны 07 сарын 07 өдөр
434	MNCLW00435	нийслэл хотын албан татварын тухай	2015 оны 6 дугаар сарын 19-ний өдөр
435	MNCLW00436	нийтийн албанд нийтийн болон хувийн ашиг сонирхлыг зохицуулах, ашиг сонирхлын зөрчлөөс урьдчилан сэргийлэх тухай	2012 оны 1 дүгээр сарын 19-ний өдөр
436	MNCLW00437	нийтийн мэдээллийн ил тод байдлын тухай	2021 оны 12 сарын 17 өдөр
437	MNCLW00438	нийтийн сонсголын тухай	2015 оны 7 дугаар сарын 8-ны өдөр
438	MNCLW00439	нийтээр тэмдэглэх баярын болон тэмдэглэлт өдрүүдийн тухай	2003 оны 12 дугаар сарын 18-ны өдөр
439	MNCLW00440	номын сангийн тухай	2014 оны 12 сарын 19 өдөр
440	MNCLW00441	нотариатын тухай хуулийг хүчингүй болсонд тооцох тухай	2011 оны 2 дугаар сарын 10-ны өдөр
441	MNCLW00442	нотариатын тухай хуульд нэмэлт, өөрчлөлт оруулах тухай хуулийг дагаж мөрдөх журмын тухай	2019 оны 05 сарын 30 өдөр
442	MNCLW00443	нотариатын тухай	2011 оны 2 дугаар сарын 10-ны өдөр
443	MNCLW00444	нөхөрлөлийн тухай	1995 оны 5 дугаар сарын 11-ний өдөр
444	MNCLW00445	нөхөрлөл, компанийн тухай болон хоршооны тухай хуулийг дагаж мөрдөх журмын тухай хуулийг хүчингүй болсонд тооцох тухай	2002 оны 07 сарын 04 өдөр
445	MNCLW00446	нэмэгдсэн өртгийн албан татвараас чөлөөлөх тухай	2014 оны 1 дүгээр сарын 16-ны өдөр
446	MNCLW00447	нэмэгдсэн өртгийн албан татвараас чөлөөлөх тухай	2014 оны 1 дүгээр сарын 24-ний өдөр
447	MNCLW00448	нэмэгдсэн өртгийн албан татвараас чөлөөлөх тухай	2019 оны 11 сарын 28 өдөр
448	MNCLW00449	нэмэгдсэн өртгийн албан татвараас чөлөөлөх тухай	2016 оны 2 дугаар сарын 05-ны өдөр
449	MNCLW00450	нэмэгдсэн өртгийн албан татвараас чөлөөлөх тухай	2005 оны 2 дугаар сарын 24-ний өдөр
450	MNCLW00451	нэмэгдсэн өртгийн албан татвараас чөлөөлөх тухай	2000 оны 4 дүгээр сарын 06-ны өдөр
451	MNCLW00452	нэмэгдсэн өртгийн албан татвараас чөлөөлөх тухай	2000 оны 7 дугаар сарын 26-ны өдөр
452	MNCLW00453	нэмэгдсэн өртгийн албан	2009 оны 07 сарын 16 өдөр
453	MNCLW00454	нэмэгдсэн өртгийн албан татвараас чөлөөлөх тухай	2000 оны 12 дугаар сарын 07-ны өдөр
454	MNCLW00455	нэмэгдсэн өртгийн албан татвараас чөлөөлөх тухай	2018 оны 5 дугаар сарын 10-ны өдөр
455	MNCLW00456	нэмэгдсэн өртгийн албан татвараас чөлөөлөх тухай	2014 оны 5 дугаар сарын 09-ний өдөр
456	MNCLW00457	нэмэгдсэн өртгийн албан татвараас чөлөөлөх тухай	2006 оны 6 дугаар сарын 29-ний өдөр
457	MNCLW00458	нэмэгдсэн өртгийн албан татвараас чөлөөлөх тухай	2016 оны 2 дугаар сарын 05-ны өдөр
458	MNCLW00459	нэмэгдсэн өртгийн албан татвараас чөлөөлөх тухай	2006 оны 6 дугаар сарын 29-ний өдөр
459	MNCLW00460	нэмэгдсэн өртгийн албан татвараас чөлөөлөх тухай	2020 оны 04 сарын 09 өдөр
460	MNCLW00461	нэмэгдсэн өртгийн албан татвараас чөлөөлөх тухай	2011 оны 12 дугаар сарын 9-ний өдөр
461	MNCLW00462	нэмэгдсэн өртгийн албан татвараас чөлөөлөх тухай	2020 оны 12 сарын 04 өдөр
462	MNCLW00463	нэмэгдсэн өртгийн албан татвараас чөлөөлөх тухай	2020 оны 08 сарын 28 өдөр
463	MNCLW00464	нэмэгдсэн өртгийн албан татвараас чөлөөлөх тухай	2021 оны 04 сарын 23 өдөр
464	MNCLW00465	нэмэгдсэн өртгийн албан татвараас чөлөөлөх тухай	2015 оны 7 дугаар сарын 2-ны өдөр
465	MNCLW00466	нэмэгдсэн өртгийн албан татвараас чөлөөлөх тухай	2015 оны 12 дугаар сарын 25-ны өдөр
466	MNCLW00467	нэмэгдсэн өртгийн албан татвараас чөлөөлөх тухай	2017 оны 11 дүгээр сарын 30-ны өдөр
467	MNCLW00468	нэмэгдсэн өртгийн албан татвараас чөлөөлөх тухай	2017 оны 12 дугаар сарын 22-ны өдөр
468	MNCLW00469	нэмэгдсэн өртгийн албан татвараас чөлөөлөх тухай	2018 оны 1 дүгээр сарын 12-ны өдөр
469	MNCLW00470	нэмэгдсэн өртгийн албан татвараас чөлөөлөх тухай	2020 оны 05 сарын 07 өдөр
470	MNCLW00471	нэмэгдсэн өртгийн албан татвараас чөлөөлөх тухай	2022 оны 11 сарын 11 өдөр
471	MNCLW00472	нэмэгдсэн өртгийн албан татвараас чөлөөлөх тухай	2020 оны 04 сарын 09 өдөр
472	MNCLW00473	нэмэгдсэн өртгийн албан татвараас чөлөөлөх тухай	2009 оны 10 дугаар сарын 30-ны өдөр
473	MNCLW00474	нэмэгдсэн өртгийн албан татвараас чөлөөлөх тухай	2022 оны 04 сарын 29 өдөр
474	MNCLW00475	нэмэгдсэн өртгийн албан татвараас чөлөөлөх тухай	2002 оны 6 дугаар сарын 13-ны өдөр
475	MNCLW00476	нэмэгдсэн өртгийн албан татвараас чөлөөлөх тухай	2016 оны 2 дугаар сарын 04-ний өдөр
476	MNCLW00477	нэмэгдсэн өртгийн албан татвараас чөлөөлөх тухай хуулийг дагаж мөрдөх журмын тухай	2018 оны 5 дугаар сарын 10-ны өдөр
477	MNCLW00478	нэмэгдсэн өртгийн албан татвараас чөлөөлөх тухай хууль хүчингүй болсонд тооцох тухай	2015 оны 7 дугаар сарын 09-ний өдөр
478	MNCLW00479	нэмэгдсэн өртгийн албан татварын тухай хуулийг дагаж мөрдөх журмын тухай	2015 оны 7 дугаар сарын 9-ний өдөр
479	MNCLW00480	нэмэгдсэн өртгийн албан татварын тухай хууль хүчингүй болсонд тооцох тухай	2015 оны 7 дугаар сарын 09-ний өдөр
480	MNCLW00481	нэмэгдсэн өртгийн албан татварын тухай	2015 оны 7 дугаар сарын 09-ний өдөр
481	MNCLW00482	нэмэгдсэн өртгийн албан татварын хувь, хэмжээ тогтоох тухай	2007 оны 12 дугаар сарын 20-ны өдөр
482	MNCLW00483	нягтлан бодох бүртгэлийн тухай хууль хүчингүй болсонд тооцох тухай	2015 оны 6 дугаар сарын 19-ний өдөр
483	MNCLW00484	нягтлан бодох бүртгэлийн тухай	2015 оны 6 дугаар сарын 19-ний өдөр
484	MNCLW00485	нялх, балчир хүүхдийн хүнсний тухай	2017 оны 5 дугаар сарын 12-ны өдөр
485	MNCLW00486	ойгоос хэрэглээний мод, түлээ бэлтгэж ашигласны төлбөрийн тухай хуулийг хүчингүй болсонд тооцох тухай	2012 оны 5 дугаар сарын 17-ны өдөр
486	MNCLW00487	ойн тухай хуулийг хүчингүй болсонд тооцох тухай	2012 оны 5 дугаар сарын 17-ны өдөр
487	MNCLW00488	ойн тухай	2012 оны 5 дугаар сарын 17-ны өдөр
488	MNCLW00489	ой, хээрийг түймрээс хамгаалах тухай хуулийг хүчингүй болсонд тооцох тухай	2012 оны 5 дугаар сарын 17-ны өдөр
489	MNCLW00490	олон нийтийн радио, телевизийн тухай	2005 оны 1 дүгээр сарын 27-ны өдөр
490	MNCLW00491	олон нийтийн радио, телевизийн тухай хуулийг дагаж мөрдөх журмын тухай	2005 оны 2 дугаар сарын 17-ны өдөр
491	MNCLW00492	олон улсын валютын сан, шинэчлэл хөгжлийн олон улсын банк, олон улсын санхүүгийн корпорац, олон улсын хөгжлийн ассоциацид бнмау гишүүнээр элсэх тухай	1991 оны 1 дүгээр сарын 22-ны өдөр
492	MNCLW00493	олон улсын гэрээний тухай хууль хүчингүй болсонд тооцох тухай	2017 оны 6 дугаар сарын 09-ний өдөр
493	MNCLW00494	олон улсын гэрээний тухай	2016 оны 12 дугаар сарын 01-ний өдөр
494	MNCLW00495	олон хүүхэд төрүүлж өсгөсөн эхийг урамшуулах тухай	2010 оны 6 дугаар сарын 25-ны өдөр
495	MNCLW00496	олон хүүхэд төрүүлж өсгөсөн эхчүүдийг одонгоор шагнах, улсын тэтгэврийг өргөтгөн нэмэгдүүлэх тухай хууль	1957 оны 4 дүгээр сарын 3-ны өдөр
496	MNCLW00497	өмгөөллийн тухай	2019 оны 10 сарын 18 өдөр
497	MNCLW00498	өмгөөллийн тухай хуулийг дагаж мөрдөх журмын тухай	2019 оны 10 сарын 18 өдөр
498	MNCLW00499	өмгөөллийн тухай хууль хүчингүй болсонд тооцох тухай	2012 оны 3 дугаар сарын 07-ны өдөр
499	MNCLW00500	өмч хувьчлах тухай	1991 оны 5 дугаар сарын 31-ны өдөр
500	MNCLW00501	онц байдлын тухай	1995 оны 11 дүгээр сарын 14-ний өдөр
501	MNCLW00502	онцгой албан татвараас чөлөөлөх тухай	2019 оны 10 сарын 18 өдөр
502	MNCLW00503	онцгой албан татвараас чөлөөлөх тухай	2016 оны 9 дүгээр сарын 07-ны өдөр
503	MNCLW00504	онцгой албан татвараас чөлөөлөх тухай	2019 оны 11 сарын 28 өдөр
504	MNCLW00505	онцгой албан татвараас чөлөөлөх тухай	2016 оны 2 дугаар сарын 05-ны өдөр
505	MNCLW00506	онцгой албан татвараас чөлөөлөх тухай хуульд өөрчлөлт оруулах тухай хуулийг дагаж мөрдөх журмын тухай	2019 оны 05 сарын 24 өдөр
506	MNCLW00507	онцгой албан татварын тухай хуулийг дагаж мөрдөх журмын тухай	2017 оны 6 дугаар сарын 08-ны өдөр
507	MNCLW00508	онцгой албан татварын тухай	2006 оны 6 дугаар сарын 29-ний өдөр
508	MNCLW00509	онцгой албан татварын тэмдгийн тухай	2000 оны 11 дүгээр сарын 17-ны өдөр
509	MNCLW00510	органик хүнсний тухай	2016 оны 4 дүгээр сарын 07-ны өдөр
510	MNCLW00511	өргөн нэвтрүүлгийн тухай	2019 оны 12 сарын 12 өдөр
511	MNCLW00512	өргөн нэвтрүүлгийн тухай хуулийг дагаж мөрдөх журмын тухай	2019 оны 12 сарын 12 өдөр
512	MNCLW00513	өрийн удирдлагын тухай	2015 оны 2 дугаар сарын 18-ны өдөр
513	MNCLW00514	өрийн удирдлагын тухай хуулийг дагаж мөрдөх журмын тухай	2015 оны 2 дугаар сарын 18-ны өдөр
514	MNCLW00515	орон нутгийн хамгаалалтын тухай	2018 оны 6 дугаар сарын 27-ны өдөр
515	MNCLW00516	орон нутгийн хурлын сонгуулийн тухай хууль хүчингүй болсонд тооцох тухай	2012 оны 9 дүгээр сарын 14-ний өдөр
516	MNCLW00517	орон сууцны тухай	1999 оны 4 дүгээр сарын 22-ны өдөр
517	MNCLW00518	орон сууц хувьчлах тухай	1996 оны 10 дугаар сарын 25-ны өдөр
518	MNCLW00519	өрсөлдөөний тухай	2010 оны 06 сарын 10 өдөр
519	MNCLW00520	монгол ардын хувьсгалын 70 жилийн ойг тохиолдуулах хүмүүнлэг, энэрэнгүй ёсны зарчмыг удирдлага болгон бнмау-ын бага хурлаас тогтоох нь:	улаанбаатар хот
520	MNCLW00521	өршөөл үзүүлэх тухай	2021 оны 7 дугаар сарын 2-ны өдөр
521	MNCLW00522	өршөөл үзүүлэх тухай	2006 оны 6 дугаар сарын 23-ны өдөр
522	MNCLW00523	өршөөл үзүүлэх тухай	2009 оны 7 дугаар сарын 9-ний өдөр
523	MNCLW00524	өршөөл үзүүлэх тухай	2000 оны 7 дугаар сарын 7-ны өдөр
524	MNCLW00525	оюуны өмчийн тухай	2020 оны 01 сарын 23 өдөр
525	MNCLW00526	патентийн тухай хууль хүчингүй болсонд тооцох тухай	2021 оны 05 сарын 06 өдөр
526	MNCLW00527	патентын тухай	2021 оны 05 сарын 06 өдөр
527	MNCLW00528	прокурорын байгууллагын тухай хуульд нэмэлт, өөрчлөлт оруулах тухай хуулийг дагаж мөрдөх журмын тухай	2007 оны 8 дугаар сарын 14-ний өдөр
528	MNCLW00529	прокурорын байгууллагын тухай хууль хүчингүй болсонд тооцох тухай	2017 оны 6 дугаар сарын 09-ний өдөр
529	MNCLW00530	прокурорын тухай	2017 оны 6 дугаар сарын 9-ний өдөр
530	MNCLW00531	протокол соёрхон батлах тухай	2019 оны 06 сарын 12 өдөр
531	MNCLW00532	протокол соёрхон батлах тухай хууль хүчингүй болсонд тооцох тухай	2019 оны 06 сарын 12 өдөр
532	MNCLW00533	радио долгионы тухай	1999 оны 6 дугаар сарын 4-ний өдөр
533	MNCLW00534	рашааны тухай хуулийг хүчингүй болсонд тооцох тухай	2012 оны 5 дугаар сарын 17-ны өдөр
534	MNCLW00535	садар самуун явдалтай тэмцэх тухай	1998 оны 1 дүгээр сарын 22-ны өдөр
535	MNCLW00536	санхүүгийн зохицуулах хорооны эрх зүйн байдлын тухай	2005 оны 11 дүгээр сарын 17-ны өдөр
536	MNCLW00537	санхүүгийн түрээс /лизинг/-ийн тухай	2006 оны 6 дугаар сарын 22-ны өдөр
537	MNCLW00538	согтуурах, мансуурах донтой хүнийг захиргааны журмаар албадан эмчлэх тухай	2018 оны 11 дүгээр сарын 15-ны өдөр
538	MNCLW00539	согтууруулах ундааны эргэлтэд хяналт тавих, архидан согтуурахтай тэмцэх тухай	2022 оны 07 сарын 05 өдөр
539	MNCLW00540	согтууруулах ундаа хэтрүүлэн хэрэглэсэн этгээдийг албадан эрүүлжүүлэх тухай	2003 оны 11 дүгээр сарын 07-ны өдөр
540	MNCLW00541	соёлын өвийг хамгаалах тухай хуулийг хүчингүй болсонд тооцох тухай	2014 оны 05 сарын 15 өдөр
541	MNCLW00542	соёлын өвийг хамгаалах тухай /шинэчилсэн найруулга/	2014 оны 5 дугаар сарын 15-ны өдөр
542	MNCLW00543	соёлын тухай хууль хүчингүй болсонд тооцох тухай	2021 оны 07 сарын 02 өдөр
543	MNCLW00544	соёлын тухай	2021 оны 07 сарын 02 өдөр
544	MNCLW00545	сонгуулийн автоматжуулсан системийн тухай	2011 оны 11 дүгээр сарын 10-ны өдөр
545	MNCLW00546	сонгуулийн төв байгууллагын тухай	2006 оны 1 дүгээр сарын 12-ны өдөр
546	MNCLW00547	2019 оны 12 дугаар сарын 20 өдөр баталсан монгол улсын их хурлын сонгуулийн тухай хууль хүчин төгөлдөр болсон өдрөөс эхлэн 2019 оны 12 дугаар сарын 20 өдөр баталсан сонгуулийн тухай хуульд өөрчлөлт оруулах тухай хуулиар заасан холбогдсон бүлэг, зүйл, хэсэг, заалтыг хүчингүй болсонд тооцно.	2015 оны 12 дугаар сарын 25-ны өдөр
547	MNCLW00548	стандартчилал, техникийн зохицуулалт, тохирлын үнэлгээний итгэмжлэлийн тухай хуулийг дагаж мөрдөх журмын тухай	2017 оны 12 дугаар сарын 21-ний өдөр
548	MNCLW00549	стандартчилал, техникийн зохицуулалт, тохирлын үнэлгээний итгэмжлэлийн тухай	2017 оны 12 дугаар сарын 21-ний өдөр
549	MNCLW00550	стандартчилал, тохирлын үнэлгээний тухай хууль хүчингүй болсонд тооцох тухай	2017 оны 12 дугаар сарын 21-ний өдөр
550	MNCLW00551	статистикийн тухай	1997 оны 6 дугаар сарын 5-ны өдөр
551	MNCLW00552	стратегийн ач холбогдол бүхий салбарт үйл ажиллагаа явуулж байгаа аж ахуйн нэгжид гадаадын хөрөнгө оруулалтыг зохицуулах тухай хууль хүчингүй болсонд тооцох тухай	2013 оны 10 дугаар сарын 03-ны өдөр
552	MNCLW00553	сургуулийн өмнөх боловсролын тухай	2008 оны 5 дугаар сарын 23-ны өдөр
553	MNCLW00554	сууц өмчлөгчдийн холбооны эрх зүйн байдал, нийтийн зориулалттай орон сууцны байшингийн дундын өмчлөлийн эд хөрөнгийн тухай	2003 оны 6 дугаар сарын 18-ны өдөр
554	MNCLW00555	сэжигтэн, яллагдагчийг баривчлах, цагдан хорих шийдвэрийг биелүүлэх тухай	1999 оны 7 дугаар сарын 1-ний өдөр
555	MNCLW00556	сэргээгдэх эрчим хүчний тухай	2007 оны 1 дүгээр сарын 11-ний өдөр
556	MNCLW00557	сэтгэцийн эрүүл мэндийн тухай хууль хүчингүй болсонд тооцох тухай	2013 оны 1 дүгээр сарын 3-ны өдөр
557	MNCLW00558	сэтгэцийн эрүүл мэндийн тухай	2013 оны 1 дүгээр сарын 3-ны өдөр
558	MNCLW00559	тагнуулын байгууллагын тухай	1999 оны 7 дугаар сарын 8-ны өдөр
559	MNCLW00560	тагнуулын байгууллагын тухай хуульд нэмэлт, өөрчлөлт оруулах тухай хуулийг дагаж мөрдөх журмын тухай	2022 оны 04 сарын 15 өдөр
560	MNCLW00561	тамхины хяналтын тухай	2005 оны 7 дугаар сарын 1-ний өдөр
561	MNCLW00562	тариалангийн тухай хууль хүчингүй болсонд тооцох тухай	2016 оны 1 дүгээр сарын 29-ний өдөр
562	MNCLW00563	тариалангийн тухай	2016 оны 1 дүгээр сарын 29-ний өдөр
563	MNCLW00564	таримал ургамлын үр, сортын тухай хуулийг дагаж мөрдөх журмын тухай	2021 оны 10 сарын 29 өдөр
564	MNCLW00565	таримал ургамлын үр, сортын тухай хууль хүчингүй болсонд тооцох тухай	2021 оны 10 сарын 29 өдөр
565	MNCLW00566	таримал ургамлын үр, сортын тухай	2021 оны 10 сарын 29 өдөр
566	MNCLW00567	"татан буугдсан ""ардын эрх"", ""засгийн газрын мэдээ"" сонины өмчийг хувьчлах тухай"	1999 оны 1 дүгээр сарын 22-ны өдөр
567	MNCLW00568	татварын алданги, торгуулиас чөлөөлөх тухай	2020 оны 12 сарын 25 өдөр
568	MNCLW00569	татварын алданги, торгуулиас чөлөөлөх тухай	2020 оны 04 сарын 09 өдөр
569	MNCLW00570	татварын ерөнхий хуульд нэмэлт, өөрчлөлт оруулах тухай хуулийг дагаж мөрдөх журмын тухай	2017 оны 11 дүгээр сарын 09-ний өдөр
570	MNCLW00571	татварын ерөнхий хууль хүчингүй болсонд тооцох тухай	2019 оны 03 сарын 22 өдөр
571	MNCLW00572	татварын ерөнхий хууль	2019 оны 03 сарын 22 өдөр
572	MNCLW00573	татварын ерөнхий хууль /шинэчилсэн найруулга/-ийг дагаж мөрдөх журмын тухай	2019 оны 03 сарын 22 өдөр
573	MNCLW00574	татварын зарим хууль болон нийгмийн даатгалын тухай хуулийг хэрэгжүүлэх тухай	2007 оны 12 дугаар сарын 28-ны өдөр
574	MNCLW00575	татварын мэргэшсэн зөвлөх үйлчилгээний тухай	2012 оны 12 дугаар сарын 27-ны өдөр
575	MNCLW00576	татварын мэргэшсэн зөвлөх үйлчилгээний тухай хуулийг дагаж мөрдөх журмын тухай	2012 оны 12 дугаар сарын 27-ний өдөр
576	MNCLW00577	татварын өршөөл үзүүлэх тухай	2008 оны 2 дугаар сарын 6-ны өдөр
577	MNCLW00578	тахарын албаны тухай хууль хүчингүй болсонд тооцох тухай	2016 оны 7 дугаар сарын 21-ний өдөр
578	MNCLW00579	терроризмтой тэмцэх тухай хууль хүчингүй болсонд тооцох тухай	2019 оны 10 сарын 10 өдөр
579	MNCLW00580	технологи дамжуулах тухай	1998 оны 5 дугаар сарын 07-ны өдөр
580	MNCLW00581	төв банк/монголбанк/-ны тухай	1996 оны 9 дүгээр сарын 3-ны өдөр
581	MNCLW00582	төлбөрийн чадваргүй яллагдагчид үзүүлэх хууль зүйн туслалцааны тухай хууль хүчингүй болсонд тооцох тухай	2022 оны 07 сарын 01 өдөр
582	MNCLW00583	төлбөр тооцоог yндэсний мөнгөн тэмдэгтээр гyйцэтгэх тухай	2009 оны 7 дугаар сарын 9-ны өдөр
583	MNCLW00584	төмөр замын тээврийн тухай	2007 оны 7 дугаар сарын 5-ны өдөр
584	MNCLW00585	төрийн албаны тухай хуулийг дагаж мөрдөх журмын тухай	1995 оны 1 дүгээр сарын 12-ны өдөр
585	MNCLW00586	төрийн албаны тухай хуулийн зарим заалтыг хүчингүй болсонд тооцох тухай хуулийг дагаж мөрдөх журмын тухай	2011 оны 7 дугаар сарын 9-ний өдөр
586	MNCLW00587	төрийн албаны тухай хуулийн зарим заалтын yйлчлэх хугацааг хойшлуулах тухай	2003 оны 1 дүгээр сарын 10-ны өдөр
587	MNCLW00588	төрийн албаны тухай хууль хүчингүй болсонд тооцох тухай	2017 оны 12 дугаар сарын 07-ны өдөр
588	MNCLW00589	төрийн албаны тухай	2017 оны 12 дугаар сарын 07-ны өдөр
589	MNCLW00590	төрийн аудитын тухай хууль хүчингүй болсонд тооцох тухай	2020 оны 05 сарын 01 өдөр
590	MNCLW00591	төрийн аудитын тухай	2020 оны 05 сарын 01 өдөр
591	MNCLW00592	төрийн болон албаны нууцын тухай	2016 оны 12 дугаар сарын 01-ний өдөр
592	MNCLW00593	төрийн болон албаны нууцын тухай хуулийг дагаж мөрдөх журмын тухай	2016 оны 12 дугаар сарын 01-ний өдөр
593	MNCLW00594	төрийн болон орон нутгийн өмчийн тухай	1996 оны 5 дугаар сарын 27-ны өдөр
594	MNCLW00595	төрийн болон орон нутгийн өмчийн хөрөнгөөр бараа, ажил, үйлчилгээ худалдан авах тухай	2005 оны 12 дугаар сарын 1-ний өдөр
595	MNCLW00596	төрийн болон орон нутгийн өмчийн хөрөнгөөр бараа, ажил, үйлчилгээ худалдан авах тухай хуульд нэмэлт, өөрчлөлт оруулах тухай хуулийг дагаж мөрдөх журмын тухай	2022 оны 06 сарын 10 өдөр
596	MNCLW00597	төрийн бус байгууллагын тухай	1997 оны 1 дүгээр сарын 31-ний өдөр
597	MNCLW00598	төрийн бус байгууллагын тухай хуулийг дагаж мөрдөх журмын тухай	1997 оны 2 дугаар сарын 6-ны өдөр
598	MNCLW00599	төрийн бэлгэ тэмдгийн тухай	1994 оны 05 дугаар сарын 20-ны өдөр
599	MNCLW00600	төрийн нууцын жагсаалт батлах тухай хууль хүчингүй болсонд тооцох тухай	2016 оны 12 дугаар сарын 01-ний өдөр
600	MNCLW00601	төрийн нууцын тухай хууль хүчингүй болсонд тооцох тухай	2016 оны 12 дугаар сарын 01-ний өдөр
601	MNCLW00602	төрийн өмчөөс олон нийтийн өмчид эд хөрөнгө шилжүүлэх тухай	2005 оны 1 дүгээр сарын 27-ны өдөр
602	MNCLW00603	төрийн тусгай хамгаалалтын тухай	1995 оны 4 дүгээр сарын 27-ны өдөр
603	MNCLW00604	төрийн тусгай хамгаалалтын тухай хуульд нэмэлт, өөрчлөлт оруулах тухай хуулийг дагаж мөрдөх журмын тухай	2020 оны 05 сарын 14 өдөр
604	MNCLW00605	төрийн хэмнэлтийн тухай	2022 оны 04 сарын 29 өдөр
605	MNCLW00606	төрийн хяналт шалгалтын тухай	2003 оны 1 дүгээр сарын 03-ны өдөр
606	MNCLW00607	төрийн хяналт шалгалтын тухай хуульд нэмэлт, өөрчлөлт оруулах тухай хуулийг дагаж мөрдөх журмын тухай	2022 оны 11 сарын 11 өдөр
607	MNCLW00608	төр, сүм хийдийн харилцааны тухай	1993 оны 11 дүгээр сарын 11-ний өдөр
608	MNCLW00609	төр, хувийн хэвшлийн түншлэлийн тухай	2022 оны 12 сарын 09 өдөр
609	MNCLW00610	төр, хувийн хэвшлийн түншлэлийн тухай хуулийг дагаж мөрдөх журмын тухай	2022 оны 12 сарын 09 өдөр
610	MNCLW00611	төсвийн байгууллагын удирдлага, санхүүжилтийн тухай хуулийг хүчингүй болсонд тооцох тухай	2011 оны 12 дугаар сарын 23-ны өдөр
611	MNCLW00612	төсвийн зарим тусгай шаардлагын үйлчлэлийг түр түдгэлзүүлэх,мөрдөх хугацааг хойшлуулах тухай хууль хүчингүй болсонд тооцох тухай	2021 оны 07 сарын 07 өдөр
612	MNCLW00613	төсвийн тогтвортой байдлын тухай	2010 оны 6 дугаар сарын 24-ний өдөр
613	MNCLW00614	төсвийн тухай	2011 оны 12 сарын 23 өдөр
614	MNCLW00615	түгээмэл тархацтай ашигт малтмалын тухай	2014 оны 1 дүгээр сарын 09-ний өдөр
615	MNCLW00616	тусгай хамгаалалттай газар нутгийн орчны бүсийн тухай	1997 оны 10 дугаар сарын 23-ны өдөр
616	MNCLW00617	тусгай хамгаалалттай газар нутгийн тухай	1994 оны 11 дүгээр сарын 15-ны өдөр
617	MNCLW00618	тэсэрч дэлбэрэх бодис, тэсэлгээний хэрэгслийн эргэлтэд хяналт тавих тухай хууль хүчингүй болсонд тооцох тухай	2013 оны 1 дүгээр сарын 31-ний өдөр
618	MNCLW00619	тэсэрч дэлбэрэх бодис, тэсэлгээний хэрэгслийн эргэлтэд хяналт тавих тухай	2013 оны 1 дүгээр сарын 31-ний өдөр
619	MNCLW00620	тэтгэврийн даатгалын шимтгэлийн нэрийн дансны тухай	1999 оны 6 дугаар сарын 10-ны өдөр
620	MNCLW00621	тэтгэмжийн доод хэмжээ тогтоох тухай	2002 оны 11 дүгээр сарын 21-ний өдөр
621	MNCLW00622	үйлдвэрлэлийг дэмжих тухай хууль хүчингүй болсонд тооцох тухай	2019 оны 11 сарын 13 өдөр
622	MNCLW00623	үйлдвэрлэл, технологийн паркийн эрх зүйн байдлын тухай хууль хүчингүй болсонд тооцох тухай	2022 оны 07 сарын 05 өдөр
623	MNCLW00624	үйлдвэрлэл, технологийн паркийн эрх зүйн байдлын тухай хууль /шинэчилсэн найруулга/-ийг дагаж мөрдөх журмын тухай	2022 оны 07 сарын 05 өдөр
624	MNCLW00625	үйлдвэрлэл, технологийн паркийн эрх зүйн байдлын тухай	2022 оны 07 сарын 05 өдөр
625	MNCLW00626	үйлдвэрчний эвлэлүүдийн эрхийн тухай бнмау-ын хууль	1991 оны 4 дүгээр сарын 26-ны өдөр
626	MNCLW00627	үй олноор хөнөөх зэвсэг дэлгэрүүлэх болон терроризмтой тэмцэх тухай	2019 оны 10 сарын 10 өдөр
627	MNCLW00628	улс төрийн зарим албан тушаалтанд тэтгэмж олгох тухай	1997 оны 10 дугаар сарын 9-ний өдөр
628	MNCLW00629	улс төрийн намуудын тухай хууль	2005 оны 02 дугаар сарын 03-ны өдөр
629	MNCLW00630	улс төрийн намын тухай хуулийг дагаж мөрдөх журмын тухай	2005 оны 2 дугаар сарын 17-ны өдөр
630	MNCLW00631	улс төрийн намын тухай	2005 оны 1 дүгээр сарын 28-ны өдөр
631	MNCLW00632	улс төрийн хилс хэрэгт хэлмэгдэгчдийг цагаатгах, тэдэнд нөхөх олговор олгох тухай	1998 оны 1 дүгээр сарын 2-ны өдөр
632	MNCLW00633	улсын бүртгэлийн ерөнхий хуулийг дагаж мөрдөх журмын тухай	2018 оны 6 дугаар сарын 21-ний өдөр
633	MNCLW00634	улсын бүртгэлийн ерөнхий хууль хүчингүй болсонд тооцох тухай	2018 оны 6 дугаар сарын 21-ний өдөр
634	MNCLW00635	улсын бүртгэлийн ерөнхий хууль	2018 оны 6 дугаар сарын 21-ний өдөр
635	MNCLW00636	улсын нисэхийн тухай хууль	2003 оны 5 дугаар сарын 30-ны өдөр
636	MNCLW00637	улсын нөөцийн тухай	2007 оны 7 дугаар сарын 5-ны өдөр
637	MNCLW00638	улсын тэмдэгтийн хураамжаас чөлөөлөх тухай	2011 оны 10 дугаар сарын 28-ны өдөр
638	MNCLW00639	улсын тэмдэгтийн хураамжийн тухай	2010 оны 11 дүгээр сарын 25-ны өдөр
639	MNCLW00640	улсын хилийг хамтран шалгахад баримтлах чиглэлийн тухай	1993 оны 7 дугаар сарын 09-ний өдөр
640	MNCLW00641	үл хөдлөх эд хөрөнгийн албан татварын тухай	2000 оны 11 дүгээр сарын 17-ны өдөр
641	MNCLW00642	үл хөдлөх эд хөрөнгийн барьцааны тухай	2009 оны 7 дугаар сарын 9-ний өдөр
642	MNCLW00643	yл хөдлөх эд хөрөнгийн барьцааны тухай хуулийг дагаж мөрдөх журмын тухай	2009 оны 7 дугаар сарын 9-ний өдөр
643	MNCLW00644	үндсэн хуулийн цэцэд маргаан хянан шийдвэрлэх ажиллагааны тухай	1997 оны 5 дугаар сарын 1-ний өдөр
644	MNCLW00645	үндэсний аюулгүй байдлын тухай	2001 оны 12 дугаар сарын 27-ны өдөр
645	MNCLW00646	yндэсний их баяр наадмын тухай хуулийг дагаж мөрдөх журмын тухай	2004 оны 05 дугаар сарын 13-ны өдөр
646	MNCLW00647	үндэсний их баяр наадмын тухай хуульд нэмэлт, өөрчлөлт оруулах тухай хуулийг дагаж мөрдөх журмын тухай	2017 оны 2 дугаар сарын 09-ний өдөр
647	MNCLW00648	үндэсний их баяр наадмын тухай хуульд нэмэлт, өөрчлөлт оруулах тухай хууль хүчингүй болсонд тооцох тухай	2013 оны 7 дугаар сарын 9-ний өдөр
648	MNCLW00649	үндэсний их баяр наадмын тухай хууль хүчингүй болсонд тооцох тухай	2022 оны 06 сарын 28 өдөр
649	MNCLW00650	үндэсний их баяр наадмын тухай хууль /шинэчилсэн найруулга/-ийг дагаж мөрдөх журмын тухай	2022 оны 07 сарын 01 өдөр
650	MNCLW00651	үндэсний их баяр наадмын тухай	2022 оны 06 сарын 28 өдөр
651	MNCLW00652	үндэсний төлбөрийн системийн тухай	2017 оны 05 дугаар сарын 31-ний өдөр
652	MNCLW00653	үндэсний төлбөрийн системийн тухай хуулийг дагаж мөрдөх журмын тухай	2017 оны 5 дугаар сарын 31-ний өдөр
653	MNCLW00654	үнэт цаасны зах зээлийн тухай	2013 оны 05 сарын 24 өдөр
654	MNCLW00655	үнэт цаасны зах зээлийн тухай	2013 оны 5 дугаар сарын 24-ний өдөр
655	MNCLW00656	ургамал хамгааллын тухай хуулийг хүчингүй болсонд тооцох тухай	2007 оны 11 сарын 15 өдөр
656	MNCLW00657	ургамал хамгааллын тухай	2007 оны 11 дүгээр сарын 15-ны өдөр
657	MNCLW00658	үрийн тариалангийн даатгалын тухай	1999 оны 7 дугаар сарын 2-ны өдөр
658	MNCLW00659	усан замын тээврийн тухай хууль хүчингүй болсонд тооцох тухай	2017 оны 5 дугаар сарын 25-ны өдөр
659	MNCLW00660	усан замын тээврийн тухай	2017 оны 5 дугаар сарын 25-ны өдөр
660	MNCLW00661	ус бохирдуулсны төлбөрийн тухай	2012 оны 5 дугаар сарын 17-ны өдөр
661	MNCLW00662	усны тухай хуулийг хүчингүй болсонд тооцох тухай	2012 оны 5 дугаар сарын 17-ны өдөр
662	MNCLW00663	усны тухай	2012 оны 05 сарын 17 өдөр
663	MNCLW00664	ус, рашааны нөөц ашигласны төлбөрийн тухай хуулийг хүчингүй болсонд тооцох тухай	2012 оны 5 дугаар сарын 17-ны өдөр
664	MNCLW00665	ус цаг уур, орчны хяналт шинжилгээний тухай	1997 оны 11 дүгээр сарын 13-ны өдөр
665	MNCLW00666	уул уурхайн бүтээгдэхүүний биржийн тухай	2022 оны 12 сарын 23 өдөр
666	MNCLW00667	хадгаламж, зээлийн хоршооны тухай	2011 оны 10 дугаар сарын 27-ны өдөр
667	MNCLW00668	хамтын тэтгэврийн тухай хууль хүчингүй болсонд тооцох тухай	2016 оны 9 дүгээр сарын 09-ний өдөр
668	MNCLW00669	хараа хяналтгүй хүүхдийг түр саатуулах тухай хууль хүчингүй болсонд тооцох тухай	2013 оны 7 дугаар сарын 5-ны өдөр
669	MNCLW00670	харилцаа холбооны тухай	2001 оны 10 дугаар сарын 18-ны өдөр
670	MNCLW00671	харьяатын тухай	1995 оны 6 дугаар сарын 5-ны өдөр
671	MNCLW00672	хаягжуулалтын тухай	2013 оны 2 дугаар сарын 7-ны өдөр
672	MNCLW00673	хилийн боомтын тухай хууль хүчингүй болсонд тооцох тухай	2016 оны 12 дугаар сарын 28-ны өдөр
673	MNCLW00674	химийн хорт болон аюултай бодисын тухай	2006 оны 5 дугаар сарын 25-ны өдөр
674	MNCLW00675	ховордсон амьтан, ургамал, тэдгээрийн гаралтай эд зүйлийн гадаад худалдааг зохицуулах тухай	2002 оны 11 дүгээр сарын 07-ны өдөр
675	MNCLW00676	хөгжлийн бодлого төлөвлөлтийн тухай хууль хүчингүй болсонд тооцох тухай	2020 оны 05 сарын 07 өдөр
676	MNCLW00677	хөгжлийн бодлого, төлөвлөлт, түүний удирдлагын тухай	2020 оны 05 сарын 07 өдөр
677	MNCLW00678	хөгжлийн бэрхшээлтэй иргэний нийгмийн хамгааллын тухай хууль хүчингүй болсонд тооцох тухай	2016 оны 2 дугаар сарын 05-ны өдөр
678	MNCLW00679	хөгжлийн бэрхшээлтэй хүний эрхийн тухай	2016 оны 2 дугаар сарын 05-ны өдөр
679	MNCLW00680	хог хаягдлын тухай хууль хүчингүй болсонд тооцох тухай	2017 оны 5 дугаар сарын 12-ны өдөр
680	MNCLW00681	хог хаягдлын тухай	2017 оны 5 дугаар сарын 12-ны өдөр
681	MNCLW00682	хөдлөх эд хөрөнгө болон эдийн бус хөрөнгийн барьцааны тухай	2015 оны 7 дугаар сарын 2-ны өдөр
682	MNCLW00683	хөдлөх эд хөрөнгө болон эдийн бус хөрөнгийн барьцааны тухай хуулийг дагаж мөрдөх журмын тухай	2015 оны 7 дугаар сарын 2-ны өдөр
683	MNCLW00684	хөдөлмөрийн аюулгүй байдал, эрүүл ахуйн тухай	2008 оны 5 дугаар сарын 22-ны өдөр
684	MNCLW00685	хөдөлмөрийн тухай хууль хүчингүй болсонд тооцох тухай	2021 оны 07 сарын 02 өдөр
685	MNCLW00686	хөдөлмөрийн тухай хууль /шинэчилсэн найруулга/-ийг дагаж мөрдөх журмын тухай	2021 оны 07 сарын 02 өдөр
686	MNCLW00687	хөдөлмөрийн тухай	2021 оны 07 сарын 02 өдөр
687	MNCLW00688	хөдөлмөрийн хөлсний доод хэмжээний тухай	2010 оны 4 дүгээр сарын 16-ны өдөр
688	MNCLW00689	хөдөлмөр эрхлэлтийг дэмжих тухай хууль хүчингүй болсонд тооцох тухай	2011 оны 10 дугаар сарын 13-ны өдөр
689	MNCLW00690	хөдөлмөр эрхлэлтийг дэмжих тухай	2011 оны 6 дугаар сарын 17-ны өдөр
690	MNCLW00691	хөдөө аж ахуйн гаралтай бараа, түүхий эдийн биржийн тухай	2011 оны 06 дугаар сарын 02-ны өдөр
691	MNCLW00692	хөрөнгийн үнэлгээний тухай хууль хүчингүй болсонд тооцох тухай	2022 оны 06 сарын 17 өдөр
692	MNCLW00693	хөрөнгийн үнэлгээний тухай	2022 оны 06 сарын 17 өдөр
693	MNCLW00694	хөрөнгөөр баталгаажсан үнэт цаасны тухай	2010 оны 4 дүгээр сарын 23-ны өдөр
694	MNCLW00695	хөрөнгө оруулалтын сангийн тухай	2013 оны 10 дугаар сарын 3-ны өдөр
695	MNCLW00696	хөрөнгө оруулалтын төрөлжсөн банкны тухай	2023 оны 01 сарын 20 өдөр
696	MNCLW00697	хөрөнгө оруулалтын тухай	2013 оны 10 дүгээр сарын 3-ны өдөр
697	MNCLW00698	хөрөнгө оруулалтын тухай хуулийг дагаж мөрдөх журмын тухай	2013 оны 10 дугаар сарын 03-ны өдөр
698	MNCLW00699	хөрс хамгаалах, цөлжилтөөс сэргийлэх тухай	2012 оны 05 дугаар сарын 17-ны өдөр
699	MNCLW00700	хоршооны тухай хуулийн зарим заалтыг дагаж мөрдөх журмын тухай	2007 оны 6 дугаар сарын 28-ны өдөр
700	MNCLW00701	хоршооны тухай хууль хүчингүй болсонд тооцох тухай	2021 оны 05 сарын 06 өдөр
701	MNCLW00702	хоршооны тухай	2021 оны 05 сарын 06 өдөр
702	MNCLW00703	хот байгуулалтын тухай	2008 оны 5 дугаар сарын 29-ний өдөр
703	MNCLW00704	хот, суурин газрыг дахин хөгжүүлэх тухай	2015 оны 6 дугаар сарын 26-ны өдөр
704	MNCLW00705	хот, суурины ус хангамж, ариутгах татуургын ашиглалтын тухай хуулийг хүчингүй болсонд тооцох тухай	2011 оны 10 дугаар сарын 6-ны өдөр
705	MNCLW00706	хот, суурины ус хангамж, ариутгах татуургын ашиглалтын тухай	2011 оны 10 дугаар сарын 6-ны өдөр
706	MNCLW00707	хот, тосгоны эрх зүйн байдлын тухай	1993 оны 12 дугаар сарын 20-ны өдөр
707	MNCLW00708	хохирлыг эргэн төлөгдөх нөхцөлөөр барагдуулах тухай	2007 оны 8 дугаар сарын 03-ны өдөр
708	MNCLW00709	хохирогчид нөхөх олговор олгох тухай	2009 оны 7 дугаар сарын 9-ний өдөр
709	MNCLW00710	хувийн хамгаалалтын тухай	2001 оны 6 дугаар сарын 7-ны өдөр
710	MNCLW00711	хувиргасан амьд организмын тухай	2007 оны 6 дугаар сарын 28-ны өдөр
711	MNCLW00712	хувь хүний нууцын тухай хууль хүчингүй болсонд тооцох тухай	2021 оны 12 сарын 17 өдөр
712	MNCLW00713	хувь хүний орлогын албан татвараас чөлөөлөх тухай	2020 оны 04 сарын 09 өдөр
713	MNCLW00714	хувь хүний орлогын албан татварын тухай хууль хүчингүй болсонд тооцох тухай	2019 оны 03 сарын 22 өдөр
714	MNCLW00715	хувь хүний орлогын албан татварын тухай хууль	2019 оны 03 сарын 22 өдөр
715	MNCLW00716	хувь хүний орлогын албан татварын тухай	2019 оны 03 сарын 22 өдөр
716	MNCLW00717	худалдаа, аж үйлдвэрийн танхимын тухай	1995 оны 10 дугаар сарын 24-ний өдөр
717	MNCLW00718	хүн ам, орон сууцны улсын тооллогын тухай	2008 оны 1 дүгээр сарын 3-ны өдөр
718	MNCLW00719	хүн амын амьжиргааны доод түвшинг тодорхойлох тухай	1998 оны 1 дүгээр сарын 8-ны өдөр
719	MNCLW00720	хүн амын орлогын албан татварын хуулийн зарим заалтын үйлчлэлийг түр зогсоох тухай	2000 оны 5 дугаар сарын 18-ны өдөр
720	MNCLW00721	хүний дархлал хомсдолын вирусын халдвар, дархлалын олдмол хомсдолоос сэргийлэх тухай хууль хүчингүй болсонд тооцох тухай	2012 оны 12 дугаар сарын 13-ны өдөр
721	MNCLW00722	хүний дархлал хомсдолын вирусын халдвар, дархлалын олдмол хомсдолоос сэргийлэх тухай	2012 оны 12 сарын 13 өдөр
722	MNCLW00723	хүний хөгжил сангийн 2010 оны төсвийн тухай	2009 оны 11 дүгээр сарын 27-ны өдөр
723	MNCLW00724	хүний хөгжил сангийн 2011 оны төсвийн тухай	2010 оны 11 дүгээр сарын 25-ны өдөр
724	MNCLW00725	хүний хөгжил сангийн 2012 оны төсвийн тухай	2011 оны 11 дүгээр сарын 30-ны өдөр
725	MNCLW00726	хүний хөгжил сангийн 2013 оны төсвийн тухай	2012 оны 11 дүгээр сарын 08-ны өдөр
726	MNCLW00727	хүний хөгжил сангийн 2014 оны төсвийн тухай	2013 оны 11 дүгээр сарын 15-ны өдөр
727	MNCLW00728	хүний хөгжил сангийн 2015 оны төсвийн тухай	2014 оны 11 дүгээр сарын 14-ний өдөр
728	MNCLW00729	хүний хөгжил сангийн 2016 оны төсвийн тухай	2015 оны 11 дүгээр сарын 13-ны өдөр
729	MNCLW00730	хүний хөгжил сангийн тухай хууль хүчингүй болсонд тооцох тухай	2016 оны 2 дугаар сарын 05-ны өдөр
730	MNCLW00731	хүний хувийн мэдээлэл хамгаалах тухай	2021 оны 12 сарын 17 өдөр
731	MNCLW00732	энэ хуулийг 2021 оны 7 дугаар сарын 1-ний өдрөөс эхлэн дагаж мөрдөнө.	2021 оны 04 сарын 02 өдөр
732	MNCLW00733	хүнсний бүтээгдэхүүний аюулгүй байдлыг хангах тухай	2012 оны 12 дугаар сарын 20-ны өдөр
733	MNCLW00734	хүнсний тухай хууль хүчингүй болсонд тооцох тухай	2012 оны 12 сарын 20 өдөр
734	MNCLW00735	хүнсний тухай	2012 оны 12 дугаар сарын 20-ны өдөр
735	MNCLW00736	хүн худалдаалахтай тэмцэх тухай	2012 оны 01 сарын 19 өдөр
736	MNCLW00737	хуулийг дагаж мөрдөх журмын тухай	2006 оны 12 дугаар сарын 22-ны өдөр
737	MNCLW00738	хуулийн зарим заалтыг дагаж мөрдөх журмын тухай	2002 оны 08 дугаар сарын 30-ны өдөр
738	MNCLW00739	хуулийн этгээдийн улсын бүртгэлийн тухай хуулийг дагаж мөрдөх журмын тухай	2018 оны 6 дугаар сарын 21-ний өдөр
739	MNCLW00740	хуулийн этгээдийн улсын бүртгэлийн тухай хууль хүчингүй болсонд тооцох тухай	2018 оны 6 дугаар сарын 21-ний өдөр
740	MNCLW00741	хуулийн этгээдийн улсын бүртгэлийн тухай	2018 оны 6 дугаар сарын 21-ний өдөр
741	MNCLW00742	хуулийн этгээдийн улсын бүртгэлийн тухай /шинэчилсэн найруулга/ хуулийг дагаж мөрдөх журмын тухай хууль хүчингүй болсонд тооцох тухай	2018 оны 6 дугаар сарын 21-ний өдөр
742	MNCLW00743	хуулиуд хүчингүй болсонд тооцох тухай	2002 оны 5 дугаар сарын 3-ны өдөр
743	MNCLW00744	хууль дагаж мөрдөх журмын тухай	1998 оны 8 дугаар сарын 20-ны өдөр
744	MNCLW00745	хууль зүйн туслалцааны тухай	2022 оны 07 сарын 01 өдөр
745	MNCLW00746	хууль тогтоомжийн тухай	2015 оны 5 дугаар сарын 29-ний өдөр
746	MNCLW00747	хууль, улсын их хурлын бусад шийдвэрийн төсөл боловсруулах, өргөн мэдүүлэх журмын тухай хууль хүчингүй болсонд тооцох тухай	2015 оны 5 дугаар сарын 29-ний өдөр
747	MNCLW00748	хууль хүчингүй болсонд тооцох тухай	2018 оны 2 дугаар сарын 2-ны өдөр
748	MNCLW00749	хууль хүчингүй болсонд тооцох тухай	2001 оны 10 дугаар сарын 18-ны өдөр
749	MNCLW00750	хууль хүчингүй болсонд тооцох тухай	2004 оны 4 дүгээр сарын 30-ны өдөр
750	MNCLW00751	хууль хүчингүй болсонд тооцох тухай	2002 оны 07 сарын 04 өдөр
751	MNCLW00752	хууль хүчингүй болсонд тооцох тухай	2017 оны 5 дугаар сарын 11-ний өдөр
752	MNCLW00753	хууль хүчингүй болсонд тооцох тухай	2018 оны 11 дүгээр сарын 15-ны өдөр
753	MNCLW00754	хууль хүчингүй болсонд тооцох тухай	1999 оны 05 сарын 14 өдөр
754	MNCLW00755	хууль хүчингүй болсонд тооцох тухай	2020 оны 01 сарын 23 өдөр
755	MNCLW00756	хууль хүчингүй болсонд тооцох тухай	2018 оны 10 дугаар сарын 19-ний өдөр
756	MNCLW00757	хууль хүчингүй болсонд тооцох тухай	2016 оны 2 дугаар сарын 04-ний өдөр
757	MNCLW00758	хуульчийн эрх зүйн байдлын тухай	2012 оны 3 дугаар сарын 07-ны өдөр
758	MNCLW00759	хуульчийн эрх зүйн байдлын тухай хуулийг дагаж мөрдөх журмын тухай	2013 оны 2 дугаар сарын 8-ны өдөр
759	MNCLW00760	хуульч сонгон шалгаруулах тухай хууль хүчингүй болсонд тооцох тухай	2012 оны 3 дугаар сарын 7-ны өдөр
760	MNCLW00761	хүүхдийн эрхийг хамгаалах тухай хууль хүчингүй болсонд тооцох тухай	2016 оны 2 дугаар сарын 05-ны өдөр
761	MNCLW00762	хүүхдийн эрхийн тухай	2016 оны 2 дугаар сарын 05-ны өдөр
762	MNCLW00763	хүүхэд хамгааллын тухай	2016 оны 2 дугаар сарын 05-ны өдөр
763	MNCLW00764	хүүхэд харах үйлчилгээний тухай	2015 оны 7 дугаар сарын 2-ны өдөр
764	MNCLW00765	хэвлэл мэдээллийн эрх чөлөөний тухай	1998 оны 8 дугаар сарын 28-ны өдөр
765	MNCLW00766	хэлэлцээр соёрхон батлах	2019 оны 06 сарын 12 өдөр
766	MNCLW00767	хэмжил зүйн тухай	2019 оны 05 сарын 09 өдөр
767	MNCLW00768	хэмжил зүйн тухай	2019 оны 05 сарын 09 өдөр
768	MNCLW00769	хэмжлийн нэгдмэл байдлыг хангах тухай хууль хүчингүй	2019 оны 05 сарын 09 өдөр
769	MNCLW00770	хэрэглэгчийн эрхийг хамгаалах тухай хууль	2003 оны 12 дугаар сарын 26-ны өдөр
770	MNCLW00771	"""цагааннуур"" худалдааны чөлөөт бүсийн эрх зүйн байдлын тухай хууль хүчингүй болсонд тооцох тухай"	2015 оны 05 сарын 12 өдөр
771	MNCLW00772	цагдаагийн албаны тухай хуулийг дагаж мөрдөх журмын тухай	2017 оны 2 дугаар сарын 09-ний өдөр
772	MNCLW00773	цагдаагийн албаны тухай хуулийг дагаж мөрдөх журмын тухай хууль хүчингүй болсонд тооцох тухай	2017 оны 2 дугаар сарын 09-ний өдөр
773	MNCLW00774	цагдаагийн албаны тухай хууль хүчингүй болсонд тооцох тухай	2017 оны 2 дугаар сарын 09-ний өдөр
774	MNCLW00775	цагдаагийн албаны тухай	2017 оны 2 дугаар сарын 09-ний өдөр
775	MNCLW00776	цахилгаан, дулааны эрчим хүч, нүүрсний төлбөрийн тухай	1995 оны 01 дүгээр сарын 16-ны өдөр
776	MNCLW00777	цахим гарын үсгийн тухай хууль хүчингүй болсонд тооцох тухай	2021 оны 12 сарын 17 өдөр
777	MNCLW00778	цахим гарын үсгийн тухай	2021 оны 12 сарын 17 өдөр
778	MNCLW00779	цацрагийн хамгаалалт, аюулгүй байдлын тухай хуулийг хүчингүй болсонд тооцох тухай	2009 оны 7 дугаар сарын 16-ны өдөр
779	MNCLW00780	цөмийн зэвсгээс ангид байх тухай	2000 оны 2 дугаар сарын 03-ны өдөр
780	MNCLW00781	цөмийн энергийн тухай	2009 оны 7 дугаар сарын 16-ны өдөр
781	MNCLW00782	цөмийн энергийн тухай хуулийг дагаж мөрдөх журмын тухай	2009 оны 7 дугаар сарын 16-ны өдөр
782	MNCLW00783	цэргийн албаны тухай	2016 оны 9 дүгээр сарын 01-ний өдөр
783	MNCLW00784	цэргийн алба хаагчийн тэтгэвэр, тэтгэмжийн тухай	1994 оны 6 дугаар сарын 13-ны өдөр
784	MNCLW00785	цэргийн алба хаагчийн тэтгэвэр, тэтгэмжийн тухай хуульд нэмэлт, өөрчлөлт оруулах тухай хуулийг дагаж мөрдөх журмын тухай	2011 оны 10 дугаар сарын 27-ны өдөр
785	MNCLW00786	цэргийн алба хаагчийн эд хөрөнгийн хариуцлагын тухай	2002 оны 6 дугаар сарын 13-ны өдөр
786	MNCLW00787	цэргийн алба хаагчийн эрх зүйн байдлын тухай	2016 оны 9 дүгээр сарын 01-ний өдөр
787	MNCLW00788	чөлөөт бүсийн тухай хуулийг дагаж мөрдөх журмын тухай	2015 оны 2 дугаар сарын 12-ны өдөр
788	MNCLW00789	чөлөөт бүсийн тухай хууль хүчингүй болсонд тооцох тухай	2015 оны 02 сарын 12 өдөр
789	MNCLW00790	чөлөөт бүсийн тухай	2015 оны 2 дугаар сарын 12-ны өдөр
790	MNCLW00791	шилэн дансны тухай	2014 оны 7 сарын 01 өдөр
791	MNCLW00792	шинжлэх ухаан, технологийн тухай	2006 оны 12 дугаар сарын 28-ны өдөр
792	MNCLW00793	шинжлэх ухааны академийн эрх зүйн байдлын тухай	1996 оны 5 дугаар сарын 23-ны өдөр
793	MNCLW00794	шүүгчийн эрх зүйн байдлын тухай хууль хүчингүй болсонд тооцох тухай	2021 оны 01 сарын 15 өдөр
794	MNCLW00795	шуудангийн тухай	2003 оны 5 дугаар сарын 15-ны өдөр
795	MNCLW00796	шүүх байгуулах тухай хуульд нэмэлт, өөрчлөлт оруулах тухай хуулийг дагаж мөрдөх журмын тухай	2018 оны 6 дугаар сарын 21-ний өдөр
796	MNCLW00797	шүүх байгуулах тухай хуульд өөрчлөлт оруулах тухай хуулийг дагаж мөрдөх журмын тухай	2016 оны 5 дугаар сарын 13-ны өдөр
797	MNCLW00798	шүүх байгуулах тухай хууль хүчингүй болсонд тооцох тухай	2015 оны 6 дугаар сарын 19-ны өдөр
798	MNCLW00799	шүүх байгуулах тухай хууль хүчингүй болсонд тооцох тухай	2013 оны 1 дүгээр сарын 24-ний өдөр
799	MNCLW00800	шүүх байгуулах тухай	2015 оны 6 дугаар сарын 19-ний өдөр
800	MNCLW00801	шүүхийн захиргааны тухай хууль хүчингүй болсонд тооцох тухай	2021 оны 01 сарын 15 өдөр
801	MNCLW00802	шүүхийн иргэдийн төлөөлөгчийн эрх зүйн байдлын тухай хууль хүчингүй болсонд тооцох тухай	2021 оны 01 сарын 15 өдөр
802	MNCLW00803	шүүхийн тухай багц хуулийг	2013 оны 1 дүгээр сарын 17-ны өдөр
803	MNCLW00804	шүүхийн тухай хууль хүчингүй болсонд тооцох тухай	2012 оны 3 дугаар сарын 07-ны өдөр
804	MNCLW00805	шүүхийн шийдвэр гүйцэтгэх тухай хуулийг дагаж мөрдөх журмын тухай	2017 оны 6 дугаар сарын 09-ний өдөр
805	MNCLW00806	шүүхийн шийдвэр гүйцэтгэх тухай хууль хүчингүй болсонд тооцох тухай	2017 оны 6 дугаар сарын 09-ний өдөр
806	MNCLW00807	шүүхийн шийдвэр гүйцэтгэх тухай	2017 оны 6 дугаар сарын 09-ний өдөр
807	MNCLW00808	шүүхийн шинжилгээний тухай хууль хүчингүй болсонд тооцох тухай	2022 оны 12 сарын 23 өдөр
808	MNCLW00809	шүүх шинжилгээний тухай	2022 оны 12 сарын 23 өдөр
809	MNCLW00810	эвлэрүүлэн зуучлалын тухай	2012 оны 5 дугаар сарын 22-ны өдөр
810	MNCLW00811	эдийн засгийн ил тод байдлыг дэмжих тухай	2015 оны 8 дугаар сарын 7-ны өдөр
811	MNCLW00812	эд хөрөнгийн эрхийн улсын бүртгэлийн тухай	2018 оны 06 дугаар сарын 21-ний өдөр
812	MNCLW00813	эд хөрөнгө өмчлөх, түүнтэй холбоотой эд хөрөнгийн бусад эрхийн улсын бүртгэлийн тухай хууль хүчингүй болсонд тооцох тухай	2018 оны 6 дугаар сарын 21-ний өдөр
813	MNCLW00814	эмнэлгийн тусламж, үйлчилгээний тухай	2016 оны 4 дүгээр сарын 22-ны өдөр
814	MNCLW00815	эмнэлгийн тусламж, үйлчилгээний тухай хуулийг дагаж мөрдөх журмын тухай	2016 оны 4 дүгээр сарын 22-ны өдөр
815	MNCLW00816	эм, эмнэлгийн хэрэгслийн тухай	2010 оны 5 дугаар сарын 27-ны өдөр
816	MNCLW00817	энхийг дэмжих ажиллагаанд оролцох тухай	2010 оны 5 дугаар сарын 20-ны өдөр
817	MNCLW00818	эрдэнэсийн сангийн тухай хууль хүчингүй болсонд тооцох тухай	2022 оны 06 сарын 02 өдөр
818	MNCLW00819	эрдэнэсийн сангийн тухай	2022 оны 04 сарын 22 өдөр
819	MNCLW00820	"""эрдэнэт үйлдвэр"" хязгаарлагдмал хариуцлагатай компанийн үйл ажиллагааны тухай монгол улсын болон оросын холбооны улсын засгийн газрын хооронд байгуулсан хэлэлцээрийг соёрхон батлах тухай хууль хүчингүй болсонд тооцох тухай"	2019 оны 06 сарын 12 өдөр
820	MNCLW00821	эрүүгийн байцаан шийтгэх хууль хүчингүй болсонд тооцох тухай	2017 оны 5 дугаар сарын 18-ны өдөр
821	MNCLW00822	эрүүгийн хуулийг дагаж мөрдөх журмын тухай	2002 оны 1 дүгээр сарын 03-ны өдөр
822	MNCLW00823	эрүүгийн хуулийг дагаж мөрдөх журмын тухай	2016 оны 5 дугаар сарын 13-ны өдөр
823	MNCLW00824	эрүүгийн хууль	2002 оны 1 дүгээр сарын 03-ны өдөр
824	MNCLW00825	эрүүгийн хууль	2015 оны 12 дугаар сарын 03-ны өдөр
825	MNCLW00826	эрүүгийн хэрэг хянан шийдвэрлэх тухай	2017 оны 5 дугаар сарын 18-ны өдөр
826	MNCLW00827	эрүүл ахуйн тухай	2016 оны 2 дугаар сарын 04-ний өдөр
827	MNCLW00828	эрүүл мэндийн даатгалын сангийн 2018 оны төсвийн тухай	2017 оны 11 дүгээр сарын 14-ний өдөр
828	MNCLW00829	эрүүл мэндийн даатгалын сангийн 2019 оны төсвийн тухай	2018 оны 11 дүгээр сарын 02-ны өдөр
829	MNCLW00830	эрүүл мэндийн даатгалын сангийн 2020 оны төсвийн тухай	2019 оны 11 сарын 13 өдөр
830	MNCLW00831	эрүүл мэндийн даатгалын сангийн 2021 оны төсвийн тухай	2020 оны 11 сарын 13 өдөр
831	MNCLW00832	эрүүл мэндийн даатгалын сангийн 2022 оны төсвийн тухай	2021 оны 11 сарын 12 өдөр
832	MNCLW00833	эрүүл мэндийн даатгалын сангийн 2023 оны төсвийн тухай	2022 оны 11 сарын 11 өдөр
833	MNCLW00834	эрүүл мэндийн даатгалын тухай хуулийг дагаж мөрдөх журмын тухай	2015 оны 1 дүгээр сарын 29-ний өдөр
834	MNCLW00835	эрүүл мэндийн даатгалын тухай	2015 оны 01 сарын 29 өдөр
835	MNCLW00836	эрүүл мэндийн тухай	2011 оны 5 дугаар сарын 5-ны өдөр
836	MNCLW00837	эрүүл мэндийн тухай хуульд нэмэлт, өөрчлөлт оруулах тухай хуулийг дагаж мөрдөх журмын тухай	2006 оны 1 дүгээр сарын 19-ний өдөр
837	MNCLW00838	эрүүл мэндийн тухай хууль хүчингүй болсонд тооцох тухай	2011 оны 5 дугаар сарын 5-ны өдөр
838	MNCLW00839	эрх олгох тухай	2007 оны 12 дугаар сарын 28-ны өдөр
839	MNCLW00840	эрчим хүчний тухай	2001 оны 2 дугаар сарын 1-ний өдөр
840	MNCLW00841	эрчим хүчний тухай хууль /1995 оны/ хүчингүй болсонд тооцох тухай тухай	2001 оны 02 сарын 01 өдөр
841	MNCLW00842	эрчим хүч хэмнэлтийн тухай	2015 оны 11 дүгээр сарын 26-ны өдөр
842	MNCLW00843	эхийн сүү орлуулагч бүтээгдэхүүний тухай хууль хүчингүй болсонд тооцох тухай	2017 оны 5 дугаар сарын 12-ны өдөр
843	MNCLW00844	эх, эцэг, олон хүүхэдтэй өрх толгойлсон эх, эцэгт тэтгэмж олгох тухай	2017 оны 6 дугаар сарын 30-ны өдөр
